Symbol,Tick,Company
20MICRONS,20ML IN Equity,20 MICRONS LTD
3IINFOTECH,III IN Equity,3I INFOTECH LTD
3MINDIA,3M IN Equity,3M INDIA LTD
3PLAND,3PLAND IN Equity,3P LAND HOLDINGS LTD
5PAISA,5PAISA IN Equity,5PAISA CAPITAL LTD
63MOONS,63MOONS IN Equity,63 MOONS TECHNOLOGIES LTD
8KMILES,KMSS IN Equity,8K MILES SOFTWARE SERVICES LTD
A2ZINFRA,A2ZL IN Equity,A2Z INFRA ENGINEERING LTD
AARTIDRUGS,ARTD IN Equity,AARTI DRUGS LTD
AARTIIND,ARTO IN Equity,AARTI INDUSTRIES LTD
AARVEEDEN,ARV IN Equity,AARVEE DENIMS & EXPORTS LTD
AAVAS,AAVAS IN Equity,AAVAS FINANCIERS LTD
ABAN,ABAN IN Equity,ABAN OFFSHORE LTD
ABB,ABB IN Equity,ABB INDIA LTD
ABBOTINDIA,BOOT IN Equity,ABBOTT INDIA LTD
ABMINTLTD,ABMINTL IN Equity,ABM INTERNATIONAL LTD
ACC,ACC IN Equity,ACC LTD
ACCELYA,ACCELYA IN Equity,ACCELYA SOLUTIONS INDIA LTD
ACE,ACCE IN Equity,Action Construction Equipment Ltd
ADANIENT,ADE IN Equity,ADANI ENTERPRISES LTD
ADANIGAS,ADGAS IN Equity,ADANI GAS LTD
ADANIGREEN,ADANIGR IN Equity,ADANI GREEN ENERGY LTD
ADANIPORTS,ADSEZ IN Equity,Adani Ports and Special Economic Zone LTD
ADANIPOWER,ADANI IN Equity,ADANI POWER LTD
ADANITRANS,ADANIT IN Equity,ADANI TRANSMISSION LTD
ADFFOODS,ADFL IN Equity,ADF FOODS LTD
ADHUNIKIND,ADIL IN Equity,ADHUNIK INDUSTRIES LTD
ADHUNIK,ADML IN Equity,ADHUNIK METALIKS LTD
ABCAPITAL,ABCAP IN Equity,ADITYA BIRLA CAPITAL LTD
ABFRL,ABFRL IN Equity,Aditya Birla Fashion and Retail LTD
BIRLAMONEY,ABML IN Equity,ADITYA BIRLA MONEY LTD
ADLABS,ADLB IN Equity,ADLABS ENTERTAINMENT LTD
ADORWELD,AWL IN Equity,ADOR WELDING LTD
ADROITINFO,ADROIT IN Equity,ADROIT INFOTECH LTD
ADVENZYMES,ADVENZY IN Equity,Advanced Enzyme Technologies LTD
ADVANIHOTR,RMDA IN Equity,Advani Hotels & Resorts (India) LTD
AEGISCHEM,AGIS IN Equity,AEGIS LOGISTICS LTD
AGARIND,AGAR IN Equity,Agarwal Industrial Corporation LTD
AGCNET,AGC IN Equity,AGC NETWORKS LTD
AGRITECH,AGTI IN Equity,Agri-Tech (India) LTD
AGROPHOS,AGROPHOS IN Equity,AGRO PHOS INDIA LTD
ATFL,ATFL IN Equity,AGRO TECH FOODS LTD
AHLUCONT,AHLU IN Equity,Ahluwalia Contracts (India) LTD
AIAENG,AIAE IN Equity,AIA ENGINEERING LTD
AIRAN,AIRAN IN Equity,AIRAN LTD
AJANTPHARM,AJP IN Equity,AJANTA PHARMA LTD
AJMERA,AREAL IN Equity,Ajmera Realty & Infra India LTD
AKSHOPTFBR,AKOP IN Equity,AKSH OPTIFIBRE LTD
AKSHARCHEM,ADCH IN Equity,AKSHARCHEM INDIA LTD
AKZOINDIA,AKZO IN Equity,AKZO NOBEL INDIA LTD
ALANKIT,ALAN IN Equity,ALANKIT LTD
ALBERTDAVD,ALBRT IN Equity,ALBERT DAVID LTD
ALCHEM,ACH IN Equity,ALCHEMIST LTD
ALEMBICLTD,ALBC IN Equity,ALEMBIC LTD
APLLTD,ALPM IN Equity,ALEMBIC PHARMACEUTICALS LTD
ALICON,ALIC IN Equity,ALICON CASTALLOY LTD
ALKALI,ALKL IN Equity,ALKALI METALS LTD
ALKEM,ALKEM IN Equity,ALKEM LABORATORIES LTD
ALKYLAMINE,AACL IN Equity,ALKYL AMINES CHEMICALS LTD
ALBK,ALBK IN Equity,ALLAHABAD BANK
ALLCARGO,AGLL IN Equity,ALLCARGO LOGISTICS LTD
ADSL,ALDS IN Equity,ALLIED DIGITAL SERVICES LTD
ALLSEC,ALLT IN Equity,ALLSEC TECHNOLOGIES LTD
ALOKTEXT,ALOK IN Equity,ALOK INDUSTRIES LTD
ALPA,ALPA IN Equity,ALPA LABORATORIES LTD
ALPHAGEO,APH IN Equity,ALPHAGEO (INDIA) LTD
ALPSINDUS,ALPI IN Equity,ALPS INDUSTRIES LTD
AMARAJABAT,AMRJ IN Equity,AMARA RAJA BATTERIES LTD
AMBER,AMBER IN Equity,AMBER ENTERPRISES INDIA LTD
AMBIKCO,ACML IN Equity,AMBIKA COTTON MILLS LTD
AMBUJACEM,ACEM IN Equity,AMBUJA CEMENTS LTD
AMDIND,AMDM IN Equity,AMD INDUSTRIES LTD
AMJLAND,AMJLAND IN Equity,AMJ LAND HOLDINGS LTD
AMRUTANJAN,ARJN IN Equity,AMRUTANJAN HEALTH CARE LTD
ANANTRAJ,1650316D IN Equity,Anant Raj LTD
ANDHRABANK,ANDB IN Equity,ANDHRA BANK
ANDHRACEMT,ANDC IN Equity,ANDHRA CEMENTS LTD
ANIKINDS,ANIK IN Equity,ANIK INDUSTRIES LTD
APCL,SHZC IN Equity,ANJANI PORTLAND CEMENT LTD
ANKITMETAL,ANMP IN Equity,ANKIT METAL & POWER LTD
ANSALHSG,ANSALHSG IN Equity,ANSAL HOUSING LTD
ANSALAPI,APIL IN Equity,Ansal Properties & Infrastructure LTD
ANTGRAPHIC,ATRG IN Equity,ANTARCTICA LTD
APARINDS,APR IN Equity,APAR INDUSTRIES LTD
APCOTEXIND,APCO IN Equity,APCOTEX INDUSTRIES LTD
APEX,APEX IN Equity,APEX FROZEN FOODS LTD
APLAPOLLO,APAT IN Equity,APL APOLLO TUBES LTD
APOLLO,APOLLO IN Equity,APOLLO MICRO SYSTEMS LTD
APOLSINHOT,APOL IN Equity,APOLLO SINDOORI HOTELS LTD
APOLLOTYRE,APTY IN Equity,APOLLO TYRES LTD
APTECHT,APTR IN Equity,APTECH LTD
ARCHIDPLY,APLY IN Equity,ARCHIDPLY INDUSTRIES LTD
ARCHIES,AGG IN Equity,ARCHIES LTD
ARCOTECH,ATECH IN Equity,ARCOTECH LTD
ARIES,ARIE IN Equity,ARIES AGRO LTD
ARIHANTSUP,ARSU IN Equity,ARIHANT SUPERSTRUCTURES LTD
ARMANFIN,ARLF IN Equity,ARMAN FINANCIAL SERVICES LTD
AROGRANITE,AGI IN Equity,ARO GRANITE INDUSTRIES LTD
ARROWGREEN,ARGL IN Equity,ARROW GREENTECH LTD
ARROWTEX,ATEX IN Equity,ARROW TEXTILES LTD
ARSHIYA,ARSL IN Equity,ARSHIYA LTD
ARVINDFASN,ARVINDFA IN Equity,ARVIND FASHIONS LTD
ARVIND,ARVND IN Equity,ARVIND LTD
ARVSMART,ARIL IN Equity,ARVIND SMARTSPACES LTD
ASAHIINDIA,AISG IN Equity,ASAHI INDIA GLASS LTD
ASAHISONG,ASAH IN Equity,ASAHI SONGWON COLORS LTD
ASHAPURMIN,ASMN IN Equity,ASHAPURA MINECHEM LTD
ASHIANA,ASFI IN Equity,ASHIANA HOUSING LTD
ASHIMASYN,ASHM IN Equity,ASHIMA LTD
ASHOKLEY,AL IN Equity,ASHOK LEYLAND LTD
ASHOKA,ASBL IN Equity,ASHOKA BUILDCON LTD
ASIANTILES,ASIAN IN Equity,ASIAN GRANITO INDIA LTD
ASIANPAINT,APNT IN Equity,ASIAN PAINTS LTD
ASTEC,ASTEL IN Equity,ASTEC LIFESCIENCES LTD
ASTERDM,ASTERDM IN Equity,ASTER DM HEALTHCARE LTD
ASTRAMICRO,ASTM IN Equity,ASTRA MICROWAVE PRODUCTS LTD
ASTRAL,ASTRA IN Equity,ASTRAL POLY TECHNIK LTD
ASTRAZEN,ASTR IN Equity,ASTRAZENECA PHARMA INDIA LTD
ATULAUTO,ATA IN Equity,ATUL AUTO LTD
ATUL,ATLP IN Equity,ATUL LTD
AUBANK,AUBANK IN Equity,AU SMALL FINANCE BANK LTD
AURIONPRO,AUPS IN Equity,AURIONPRO SOLUTIONS LTD
AUROPHARMA,ARBP IN Equity,AUROBINDO PHARMA LTD
AUSOMENT,AUEL IN Equity,AUSOM ENTERPRISE LTD
AUTOIND,AUTOL IN Equity,AUTOLINE INDUSTRIES LTD
AUTOLITIND,ATLT IN Equity,AUTOLITE (INDIA) LTD
AUTOAXLES,ATXL IN Equity,AUTOMOTIVE AXLES LTD
AVADHSUGAR,AVADHSUG IN Equity,AVADH SUGAR & ENERGY LTD
AVANTIFEED,AVNT IN Equity,AVANTI FEEDS LTD
DMART,DMART IN Equity,AVENUE SUPERMARTS LTD
AVTNPL,AVTH IN Equity,AVT NATURAL PRODUCTS LTD
AXISBANK,AXSB IN Equity,AXIS BANK LTD
AYMSYNTEX,AYMS IN Equity,AYM SYNTEX LTD
BLKASHYAP,KASH IN Equity,B. L. KASHYAP AND SONS LTD
BAFNAPHARM,BFNA IN Equity,BAFNA PHARMACEUTICALS LTD
BAJAJ-AUTO,BJAUT IN Equity,BAJAJ AUTO LTD
BAJAJCON,BAJAJCON IN Equity,BAJAJ CONSUMER CARE LTD
BAJAJELEC,BJE IN Equity,BAJAJ ELECTRICALS LTD
BAJFINANCE,BAF IN Equity,BAJAJ FINANCE LTD
BAJAJFINSV,BJFIN IN Equity,BAJAJ FINSERV LTD
BAJAJHIND,BJH IN Equity,BAJAJ HINDUSTHAN SUGAR LTD
BALPHARMA,BLP IN Equity,BAL PHARMA LTD
BALAMINES,BLA IN Equity,BALAJI AMINES LTD
BALAJITELE,BLJT IN Equity,BALAJI TELEFILMS LTD
BALAXI,BALAXI IN Equity,BALAXI VENTURES LTD
BALKRISIND,BIL IN Equity,BALKRISHNA INDUSTRIES LTD
BALKRISHNA,BPML IN Equity,BALKRISHNA PAPER MILLS LTD
BALLARPUR,BILT IN Equity,BALLARPUR INDUSTRIES LTD
BALRAMCHIN,BRCM IN Equity,BALRAMPUR CHINI MILLS LTD
BANARBEADS,BNBD IN Equity,BANARAS BEADS LTD
BANDHANBNK,BANDHAN IN Equity,BANDHAN BANK LTD
BANG,BANG IN Equity,BANG OVERSEAS LTD
BANKBARODA,BOB IN Equity,BANK OF BARODA
BANKINDIA,BOI IN Equity,BANK OF INDIA
MAHABANK,BOMH IN Equity,BANK OF MAHARASHTRA
BANARISUG,BNRI IN Equity,BANNARI AMMAN SUGARS LTD
BANSWRAS,BWSL IN Equity,BANSWARA SYNTEX LTD
BVCL,BVCL IN Equity,BARAK VALLEY CEMENTS LTD
BARTRONICS,BAIL IN Equity,BARTRONICS INDIA LTD
BASF,BASF IN Equity,BASF INDIA LTD
BATAINDIA,BATA IN Equity,BATA INDIA LTD
BAYERCROP,BYRCS IN Equity,BAYER CROPSCIENCE LTD
BEARDSELL,BSELL IN Equity,BEARDSELL LTD
BEDMUTHA,BEDM IN Equity,BEDMUTHA INDUSTRIES LTD
BEML,BEML IN Equity,BEML LTD
BFINVEST,BFIN IN Equity,BF INVESTMENT LTD
BFUTILITIE,BFUT IN Equity,BF UTILITIES LTD
BGRENERGY,BGRL IN Equity,BGR ENERGY SYSTEMS LTD
BHAGERIA,BGIN IN Equity,BHAGERIA INDUSTRIES LTD
BHAGYANGR,BHIL IN Equity,BHAGYANAGAR INDIA LTD
BHAGYAPROP,BHAGYA IN Equity,BHAGYANAGAR PROPERTIES LTD
BBL,BIJL IN Equity,BHARAT BIJLEE LTD
BDL,BDL IN Equity,BHARAT DYNAMICS LTD
BEL,BHE IN Equity,BHARAT ELECTRONICS LTD
BHARATFORG,BHFC IN Equity,BHARAT FORGE LTD
BHARATGEAR,BG IN Equity,BHARAT GEARS LTD
BHARATRAS,BRSN IN Equity,BHARAT RASAYAN LTD
BRNL,BRNL IN Equity,BHARAT ROAD NETWORK LTD
BHARATWIRE,BWRL IN Equity,BHARAT WIRE ROPES LTD
BHARTIARTL,BHARTI IN Equity,BHARTI AIRTEL LTD
INFRATEL,BHIN IN Equity,BHARTI INFRATEL LTD
BIL,BHTI IN Equity,BHARTIYA INTERNATIONAL LTD
BIGBLOC,BIGBLOC IN Equity,BIGBLOC CONSTRUCTION LTD
BILENERGY,BESL IN Equity,BIL ENERGY SYSTEMS LTD
BINANIIND,BZL IN Equity,BINANI INDUSTRIES LTD
BIOCON,BIOS IN Equity,BIOCON LTD
BIRLACABLE,BIRCB IN Equity,BIRLA CABLE LTD
BSOFT,BSOFT IN Equity,BIRLASOFT LTD
BKMINDST,BKMINDST IN Equity,BKM INDUSTRIES LTD
BLBLIMITED,BLBL IN Equity,BLB LTD
BLISSGVS,BLIS IN Equity,BLISS GVS PHARMA LTD
BLUECOAST,BCOH IN Equity,BLUE COAST HOTELS LTD
BLUEDART,BDE IN Equity,BLUE DART EXPRESS LTD
BLUESTARCO,BLSTR IN Equity,BLUE STAR LTD
BODALCHEM,BODL IN Equity,BODAL CHEMICALS LTD
BRFL,BRFL IN Equity,BOMBAY RAYON FASHIONS LTD
BOROSIL,BRSL IN Equity,BOROSIL GLASS WORKS LTD
BOSCHLTD,BOS IN Equity,BOSCH LTD
BPL,BPL IN Equity,BPL LTD
BRIGADE,BRGD IN Equity,BRIGADE ENTERPRISES LTD
BCG,BCG IN Equity,BRIGHTCOM GROUP LTD
BRITANNIA,BRIT IN Equity,BRITANNIA INDUSTRIES LTD
BROOKS,BKL IN Equity,BROOKS LABORATORIES LTD
BSE,BSE IN Equity,BSE LTD
BSL,BWSY IN Equity,BSL LTD
BURNPUR,BPUR IN Equity,BURNPUR CEMENT LTD
CANDC,CCON IN Equity,C & C CONSTRUCTIONS LTD
CADILAHC,CDH IN Equity,CADILA HEALTHCARE LTD
CAMLINFINE,CFIN IN Equity,CAMLIN FINE SCIENCES LTD
CANFINHOME,CANF IN Equity,CAN FIN HOMES LTD
CANBK,CBK IN Equity,CANARA BANK
CANTABIL,CANT IN Equity,CANTABIL RETAIL INDIA LTD
CAPACITE,CAPACITE IN Equity,CAPACIT'E INFRAPROJECTS LTD
CAPTRUST,CPT IN Equity,CAPITAL TRUST LTD
CGCL,CGCL IN Equity,CAPRI GLOBAL CAPITAL LTD
CARBORUNIV,CU IN Equity,CARBORUNDUM UNIVERSAL LTD
CARERATING,CARE IN Equity,CARE RATINGS LTD
CAREERP,CRPT IN Equity,CAREER POINT LTD
CASTEXTECH,CAST IN Equity,CASTEX TECHNOLOGIES LTD
CASTROLIND,CSTRL IN Equity,CASTROL INDIA LTD
CEATLTD,CEAT IN Equity,CEAT LTD
CELEBRITY,CFLI IN Equity,CELEBRITY FASHIONS LTD
CELESTIAL,CBIO IN Equity,CELESTIAL BIOLABS LTD
CENTRALBK,CBOI IN Equity,CENTRAL BANK OF INDIA
CENTRUM,CECA IN Equity,CENTRUM CAPITAL LTD
CENTUM,CTE IN Equity,CENTUM ELECTRONICS LTD
CENTENKA,CENK IN Equity,CENTURY ENKA LTD
CENTEXT,CEXT IN Equity,CENTURY EXTRUSIONS LTD
CERA,CRS IN Equity,CERA SANITARYWARE LTD
CESC,CESC IN Equity,CESC LTD
CESCVENT,CESCV IN Equity,CESC VENTURES LTD
CHALET,CHALET IN Equity,CHALET HOTELS LTD
CHEMFAB,CHEMFAB IN Equity,CHEMFAB ALKALIS LTD
CHROMATIC,CRDS IN Equity,CHROMATIC INDIA LTD
CIGNITITEC,CIGN IN Equity,CIGNITI TECHNOLOGIES LTD
CNOVAPETRO,CNPL IN Equity,CIL NOVA PETROCHEMICALS LTD
CIMMCO,CIMCO IN Equity,CIMMCO LTD
CINELINE,CNLI IN Equity,CINELINE INDIA LTD
CINEVISTA,CNVC IN Equity,CINEVISTA LTD
CIPLA,CIPLA IN Equity,CIPLA LTD
CUB,CUBK IN Equity,CITY UNION BANK LTD
CLEDUCATE,CLEDU IN Equity,CL EDUCATE LTD
CMICABLES,CMI IN Equity,CMI LTD
COALINDIA,COAL IN Equity,COAL INDIA LTD
COCHINSHIP,COCHIN IN Equity,COCHIN SHIPYARD LTD
COFFEEDAY,CCD IN Equity,COFFEE DAY ENTERPRISES LTD
COMPINFO,CPGI IN Equity,COMPUAGE INFOCOM LTD
COMPUSOFT,CPCS IN Equity,COMPUCOM SOFTWARE LTD
CONTROLPR,CTPI IN Equity,CONTROL PRINT LTD
CORDSCABLE,CORD IN Equity,CORDS CABLE INDUSTRIES LTD
COROMANDEL,CRIN IN Equity,COROMANDEL INTERNATIONAL LTD
CORPBANK,CRPBK IN Equity,CORPORATION BANK
COSMOFILMS,CFLM IN Equity,COSMO FILMS LTD
COUNCODOS,COND IN Equity,COUNTRY CONDO'S LTD
CREATIVEYE,CEYE IN Equity,CREATIVE EYE LTD
CREDITACC,CREDAG IN Equity,CREDITACCESS GRAMEEN LTD
CREST,CREV IN Equity,CREST VENTURES LTD
CRISIL,CRISIL IN Equity,CRISIL LTD
CUBEXTUB,CUBX IN Equity,CUBEX TUBINGS LTD
CUMMINSIND,KKC IN Equity,CUMMINS INDIA LTD
CUPID,CUPD IN Equity,CUPID LTD
CURATECH,CURA IN Equity,CURA TECHNOLOGIES LTD
CYIENT,CYL IN Equity,CYIENT LTD
DBREALTY,DBRL IN Equity,D B REALTY LTD
DABUR,DABUR IN Equity,DABUR INDIA LTD
DALBHARAT,DALBHARA IN Equity,DALMIA BHARAT LTD
DAMODARIND,DMT IN Equity,DAMODAR INDUSTRIES LTD
DCBBANK,DCBB IN Equity,DCB BANK LTD
DCMSHRIRAM,DCMS IN Equity,DCM SHRIRAM LTD
DCW,DCW IN Equity,DCW LTD
DENORA,DENI IN Equity,DE NORA INDIA LTD
DECCANCE,DECM IN Equity,DECCAN CEMENTS LTD
DEEPIND,DEEPI IN Equity,DEEP INDUSTRIES LTD
DEEPAKNTR,DN IN Equity,DEEPAK NITRITE LTD
DELTACORP,DELTA IN Equity,DELTA CORP LTD
DELTAMAGNT,DELM IN Equity,DELTA MAGNETS LTD
DEN,DEN IN Equity,DEN NETWORKS LTD
DFMFOODS,DFMF IN Equity,DFM FOODS LTD
DHAMPURSUG,DSM IN Equity,DHAMPUR SUGAR MILLS LTD
DHANBANK,DHLBK IN Equity,DHANLAXMI BANK LTD
DHANUKA,DAGRI IN Equity,DHANUKA AGRITECH LTD
DHUNINV,DINL IN Equity,DHUNSERI INVESTMENTS LTD
DVL,DVL IN Equity,DHUNSERI VENTURES LTD
DIAPOWER,DIPI IN Equity,DIAMOND POWER INFRA LTD
DICIND,DICI IN Equity,DIC INDIA LTD
DGCONTENT,DGCONTEN IN Equity,DIGICONTENT LTD
DIGJAMLTD,DGJM IN Equity,DIGJAM LTD
DBL,DBL IN Equity,DILIP BUILDCON LTD
DISHTV,DITV IN Equity,DISH TV INDIA LTD
DCAL,DCAL IN Equity,DISHMAN CARBOGEN AMCIS LTD
DIVISLAB,DIVI IN Equity,DIVI'S LABORATORIES LTD
DLF,DLFU IN Equity,DLF LTD
DOLLAR,DOLLAR IN Equity,DOLLAR INDUSTRIES LTD
DONEAR,DNI IN Equity,DONEAR INDUSTRIES LTD
DPSCLTD,DPSC IN Equity,DPSC LTD
DYNAMATECH,DYTC IN Equity,DYNAMATIC TECHNOLOGIES LTD
DYNPRO,DYPL IN Equity,DYNEMIC PRODUCTS LTD
EASTSILK,ESLK IN Equity,EASTERN SILK INDUSTRIES LTD
EASUNREYRL,ERR IN Equity,EASUN REYROLLE LTD
ECLERX,ECLX IN Equity,ECLERX SERVICES LTD
EDUCOMP,EDSL IN Equity,EDUCOMP SOLUTIONS LTD
EICHERMOT,EIM IN Equity,EICHER MOTORS LTD
EIDPARRY,EID IN Equity,EID PARRY INDIA LTD
EIHOTEL,EIH IN Equity,EIH LTD
ELAND,ELAND IN Equity,E-LAND APPAREL LTD
ELECTCAST,ELSC IN Equity,ELECTROSTEEL CASTINGS LTD
ELGIEQUIP,ELEQ IN Equity,ELGI EQUIPMENTS LTD
ELGIRUBCO,ELGI IN Equity,ELGI RUBBER COMPANY LTD
EMAMILTD,HMN IN Equity,EMAMI LTD
EMAMIPAP,EPML IN Equity,EMAMI PAPER MILLS LTD
EMAMIREAL,EMAMIREA IN Equity,EMAMI REALTY LTD
EMCO,EMCO IN Equity,EMCO LTD
EMMBI,EMMB IN Equity,EMMBI INDUSTRIES LTD
EDL,EDIS IN Equity,EMPEE DISTILLERIES LTD
ENDURANCE,ENDU IN Equity,ENDURANCE TECHNOLOGIES LTD
ENGINERSIN,ENGR IN Equity,ENGINEERS INDIA LTD
EON,EON IN Equity,EON ELECTRIC LTD
ERIS,ERIS IN Equity,ERIS LIFESCIENCES LTD
EROSMEDIA,EROS IN Equity,EROS INTERNATIONAL MEDIA LTD
ESABINDIA,ESAB IN Equity,ESAB INDIA LTD
ESCORTS,ESC IN Equity,ESCORTS LTD
ESSDEE,EDA IN Equity,ESS DEE ALUMINIUM LTD
ESSARSHPNG,ESL IN Equity,ESSAR SHIPPING LTD
ESSELPACK,ESEL IN Equity,ESSEL PROPACK LTD
ESTER,ESTR IN Equity,ESTER INDUSTRIES LTD
EUROCERA,EUCL IN Equity,EURO CERAMICS LTD
EUROMULTI,EURO IN Equity,EURO MULTIVISION LTD
EVERESTIND,EVI IN Equity,EVEREST INDUSTRIES LTD
EKC,EKCL IN Equity,EVEREST KANTO CYLINDER LTD
EXCELCROP,EXCC IN Equity,EXCEL CROP CARE LTD
EXCELINDUS,EXL IN Equity,EXCEL INDUSTRIES LTD
EXCEL,ERNI IN Equity,EXCEL REALTY N INFRA LTD
EXIDEIND,EXID IN Equity,EXIDE INDUSTRIES LTD
EXPLEOSOL,EXPLEOSO IN Equity,EXPLEO SOLUTIONS LTD
FAIRCHEM,FAIRCHEM IN Equity,FAIRCHEM SPECIALITY LTD
FCSSOFT,FCS IN Equity,FCS SOFTWARE SOLUTIONS LTD
FDC,FDCLT IN Equity,FDC LTD
FIEMIND,FIEM IN Equity,FIEM INDUSTRIES LTD
FILATEX,FLTX IN Equity,FILATEX INDIA LTD
FINEORG,FINEORG IN Equity,FINE ORGANIC INDUSTRIES LTD
FCL,FTXC IN Equity,FINEOTEX CHEMICAL LTD
FINCABLES,FNXC IN Equity,FINOLEX CABLES LTD
FINPIPE,FNXP IN Equity,FINOLEX INDUSTRIES LTD
FSL,FSOL IN Equity,FIRSTSOURCE SOLUTIONS LTD
FORTIS,FORH IN Equity,FORTIS HEALTHCARE LTD
FOSECOIND,FSC IN Equity,FOSECO INDIA LTD
FCONSUMER,FCON IN Equity,FUTURE CONSUMER LTD
FEL,FEL IN Equity,FUTURE ENTERPRISES LTD
FMNL,FMNL IN Equity,FUTURE MARKET NETWORKS LTD
FRETAIL,FRETAIL IN Equity,FUTURE RETAIL LTD
GABRIEL,GABR IN Equity,GABRIEL INDIA LTD
GALAXYSURF,GALSURF IN Equity,GALAXY SURFACTANTS LTD
GALLISPAT,GALLIS IN Equity,GALLANTT ISPAT LTD
GALLANTT,GALL IN Equity,GALLANTT METAL LTD
GANDHITUBE,GNDI IN Equity,GANDHI SPECIAL TUBES LTD
GANECOS,GNPL IN Equity,GANESHA ECOSPHERE LTD
GANGESSECU,GANGES IN Equity,GANGES SECURITIES LTD
GANGOTRI,GNTX IN Equity,GANGOTRI TEXTILES LTD
GARDENSILK,GRDN IN Equity,GARDEN SILK MILLS LTD
GARFIBRES,GTFL IN Equity,GARWARE TECHNICAL FIBRES LTD
GDL,GDPL IN Equity,GATEWAY DISTRIPARKS LTD
GATI,GTIC IN Equity,GATI LTD
GAYAHWS,GAYAHWS IN Equity,GAYATRI HIGHWAYS LTD
GAYAPROJ,GAYP IN Equity,GAYATRI PROJECTS LTD
GEPIL,GEPIL IN Equity,GE POWER INDIA LTD
GET&D,GETD IN Equity,GE T&D INDIA LTD
GEECEE,GCVL IN Equity,GEECEE VENTURES LTD
GHCL,GHCL IN Equity,GHCL LTD
GISOLUTION,GIEN IN Equity,GI ENGINEERING SOLUTIONS LTD
GICHSGFIN,GICHF IN Equity,GIC HOUSING FINANCE LTD
GILLETTE,GILL IN Equity,GILLETTE INDIA LTD
GINNIFILA,GINI IN Equity,GINNI FILAMENTS LTD
GKWLIMITED,GKW IN Equity,GKW LTD
GLENMARK,GNP IN Equity,GLENMARK PHARMACEUTICALS LTD
GLOBOFFS,GWOS IN Equity,GLOBAL OFFSHORE SERVICES LTD
GLOBALVECT,GVH IN Equity,GLOBAL VECTRA HELICORP LTD
GLOBUSSPR,GBSL IN Equity,GLOBUS SPIRITS LTD
GMBREW,GMBR IN Equity,GM BREWERIES LTD
GMMPFAUDLR,GMM IN Equity,GMM PFAUDLER LTD
GMRINFRA,GMRI IN Equity,GMR INFRASTRUCTURE LTD
GNA,GNA IN Equity,GNA AXLES LTD
GOACARBON,GOCA IN Equity,GOA CARBON LTD
GPIL,GODPI IN Equity,GODAWARI POWER AND ISPAT LTD
GODFRYPHLP,GP IN Equity,GODFREY PHILLIPS INDIA LTD
GODREJAGRO,GOAGRO IN Equity,GODREJ AGROVET LTD
GODREJCP,GCPL IN Equity,GODREJ CONSUMER PRODUCTS LTD
GODREJIND,GDSP IN Equity,GODREJ INDUSTRIES LTD
GODREJPROP,GPL IN Equity,GODREJ PROPERTIES LTD
GOKEX,GEXP IN Equity,GOKALDAS EXPORTS LTD
GOKULAGRO,GOKUL IN Equity,GOKUL AGRO RESOURCES LTD
GOLDENTOBC,GTO IN Equity,GOLDEN TOBACCO LTD
GOLDIAM,GLDM IN Equity,GOLDIAM INTERNATIONAL LTD
GOLDTECH,GSE IN Equity,GOLDSTONE TECHNOLOGIES LTD
GOODLUCK,GLIN IN Equity,GOODLUCK INDIA LTD
GULFPETRO,GPPE IN Equity,GP PETROLEUMS LTD
GRANULES,GRAN IN Equity,GRANULES INDIA LTD
GRAPHITE,GRIL IN Equity,GRAPHITE INDIA LTD
GRASIM,GRASIM IN Equity,GRASIM INDUSTRIES LTD
GRAVITA,GRAV IN Equity,GRAVITA INDIA LTD
GREAVESCOT,GRV IN Equity,GREAVES COTTON LTD
GREENLAM,GRLM IN Equity,GREENLAM INDUSTRIES LTD
GREENPLY,MTLM IN Equity,GREENPLY INDUSTRIES LTD
GRINDWELL,GWN IN Equity,GRINDWELL NORTON LTD
GRPLTD,GRP IN Equity,GRP LTD
GRUH,GRHF IN Equity,GRUH FINANCE LTD
GSS,GSSI IN Equity,GSS INFOTECH LTD
GTLINFRA,GTLI IN Equity,GTL INFRASTRUCTURE LTD
GTL,GTS IN Equity,GTL LTD
GTNIND,GTN IN Equity,GTN INDUSTRIES LTD
GTNTEX,GTNT IN Equity,GTN TEXTILES LTD
GTPL,GTPL IN Equity,GTPL HATHWAY LTD
GUFICBIO,CF IN Equity,GUFIC BIOSCIENCES LTD
GAEL,GAEX IN Equity,GUJARAT AMBUJA EXPORTS LTD
GUJFLUORO,GFLC IN Equity,GUJARAT FLUOROCHEMICALS LTD
GUJGASLTD,GUJGA IN Equity,GUJARAT GAS LTD
GLFL,GLF IN Equity,GUJARAT LEASE FINANCING LTD
GPPL,GPPV IN Equity,GUJARAT PIPAVAV PORT LTD
GSCLCEMENT,GSCL IN Equity,GUJARAT SIDHEE CEMENT LTD
GSPL,GUJS IN Equity,GUJARAT STATE PETRONET LTD
GULPOLY,GULP IN Equity,GULSHAN POLYOLS LTD
GAL,GYSC IN Equity,GYSCOAL ALLOYS LTD
HARITASEAT,HARS IN Equity,HARITA SEATING SYSTEMS LTD
HATSUN,HTSMF IN Equity,HATSUN AGRO PRODUCT LTD
HAVELLS,HAVL IN Equity,HAVELLS INDIA LTD
HBSL,HBSH IN Equity,HB STOCKHOLDINGS LTD
HBLPOWER,HBPS IN Equity,HBL POWER SYSTEMS LTD
HCL-INSYS,HCLI IN Equity,HCL INFOSYSTEMS LTD
HCLTECH,HCLT IN Equity,HCL TECHNOLOGIES LTD
HDFCBANK,HDFCB IN Equity,HDFC BANK LTD
HEG,HEG IN Equity,HEG LTD
HEIDELBERG,HEIM IN Equity,HEIDELBERGCEMENT INDIA LTD
HERCULES,HCH IN Equity,HERCULES HOISTS LTD
HERITGFOOD,HTFL IN Equity,HERITAGE FOODS LTD
HEROMOTOCO,HMCL IN Equity,HERO MOTOCORP LTD
HESTERBIO,HBIO IN Equity,HESTER BIOSCIENCES LTD
HEXATRADEX,HEXA IN Equity,HEXA TRADEX LTD
HEXAWARE,HEXW IN Equity,HEXAWARE TECHNOLOGIES LTD
HIGHGROUND,HGEL IN Equity,HIGH GROUND ENTERPRISE LTD
HIKAL,HKCI IN Equity,HIKAL LTD
HIL,HIL IN Equity,HIL LTD
HILTON,HMFL IN Equity,HILTON METAL FORGING LTD
HIMATSEIDE,HSS IN Equity,HIMATSINGKA SEIDE LTD
HIRECT,HREC IN Equity,HIND RECTIFIERS LTD
HINDSYNTEX,HSYN IN Equity,HIND SYNTEX LTD
HINDALCO,HNDL IN Equity,HINDALCO INDUSTRIES LTD
HGS,HGSL IN Equity,HINDUJA GLOBAL SOLUTIONS LTD
HINDUJAVEN,HVL IN Equity,HINDUJA VENTURES LTD
HAL,HNAL IN Equity,HINDUSTAN AERONAUTICS LTD
HINDCOMPOS,HDCM IN Equity,HINDUSTAN COMPOSITES LTD
HINDCOPPER,HCP IN Equity,HINDUSTAN COPPER LTD
HMVL,HMVL IN Equity,HINDUSTAN MEDIA VENTURES LTD
HINDMOTORS,HM IN Equity,HINDUSTAN MOTORS LTD
HINDUNILVR,HUVR IN Equity,HINDUSTAN UNILEVER LTD
HINDZINC,HZ IN Equity,HINDUSTAN ZINC LTD
HISARMETAL,HMIL IN Equity,HISAR METAL INDUSTRIES LTD
HITECH,HITECH IN Equity,HI-TECH PIPES LTD
HMT,HMT IN Equity,HMT LTD
HOTELRUGBY,HRB IN Equity,HOTEL RUGBY LTD
HOVS,HOVS IN Equity,HOV SERVICES LTD
HPL,HPLE IN Equity,HPL ELECTRIC & POWER LTD
HSIL,HSI IN Equity,HSIL LTD
HTMEDIA,HTML IN Equity,HT MEDIA LTD
HUBTOWN,HUB IN Equity,HUBTOWN LTD
PAPERPROD,HPPL IN Equity,HUHTAMAKI PPL LTD
ICICIBANK,ICICIBC IN Equity,ICICI BANK LTD
ISEC,ISEC IN Equity,ICICI SECURITIES LTD
ICRA,ICRA IN Equity,ICRA LTD
IDBI,IDBI IN Equity,IDBI BANK LTD
IDFCFIRSTB,IDFCFB IN Equity,IDFC FIRST BANK LTD
IDFC,IDFC IN Equity,IDFC LTD
IFBAGRO,IFBA IN Equity,IFB AGRO INDUSTRIES LTD
IFBIND,IFBI IN Equity,IFB INDUSTRIES LTD
IFCI,IFCI IN Equity,IFCI LTD
IFGLEXPOR,IFGLRF IN Equity,IFGL REFRACTORIES LTD
IGARASHI,IGM IN Equity,IGARASHI MOTORS INDIA LTD
IIFL,IIFL IN Equity,IIFL FINANCE LTD
INDLMETER,IMP IN Equity,IMP POWERS LTD
IMPEXFERRO,IMPX IN Equity,IMPEX FERRO TECH LTD
INDIAGLYCO,IGLY IN Equity,INDIA GLYCOLS LTD
INDNIPPON,INE IN Equity,INDIA NIPPON ELECTRICALS LTD
IBREALEST,IBREL IN Equity,INDIABULLS REAL ESTATE LTD
IBVENTURES,IBVE IN Equity,INDIABULLS VENTURES LTD
INDIANB,INBK IN Equity,INDIAN BANK
IEX,IEX IN Equity,INDIAN ENERGY EXCHANGE LTD
IOB,IOB IN Equity,INDIAN OVERSEAS BANK
INDTERRAIN,ITFL IN Equity,INDIAN TERRAIN FASHIONS LTD
ICIL,ICNT IN Equity,INDO COUNT INDUSTRIES LTD
INDOTECH,INDT IN Equity,INDO TECH TRANSFORMERS LTD
INDOTHAI,ITSL IN Equity,INDO THAI SECURITIES LTD
INDOCO,INDR IN Equity,INDOCO REMEDIES LTD
NIPPOBATRY,INNA IN Equity,INDO-NATIONAL LTD
INDOSOLAR,ISLR IN Equity,INDOSOLAR LTD
INDOSTAR,INDOSTAR IN Equity,INDOSTAR CAPITAL FINANCE LTD
INDOWIND,IEL IN Equity,INDOWIND ENERGY LTD
IGL,IGL IN Equity,INDRAPRASTHA GAS LTD
INDSWFTLAB,ISL IN Equity,IND-SWIFT LABORATORIES LTD
INDUSINDBK,IIB IN Equity,INDUSIND BANK LTD
INEOSSTYRO,INEOS IN Equity,INEOS STYROLUTION INDIA LTD
INFIBEAM,INFIBEAM IN Equity,INFIBEAM AVENUES LTD
INFY,INFO IN Equity,INFOSYS LTD
INOXLEISUR,INOL IN Equity,INOX LEISURE LTD
INOXWIND,INXW IN Equity,INOX WIND LTD
INSPIRISYS,INSSL IN Equity,INSPIRISYS SOLUTIONS LTD
INTELLECT,INDA IN Equity,INTELLECT DESIGN ARENA LTD
INTENTECH,INTEC IN Equity,INTENSE TECHNOLOGIES LTD
INDIGO,INDIGO IN Equity,INTERGLOBE AVIATION LTD
IPAPPM,IPAP IN Equity,INTERNATIONAL PAPER APPM LTD
ISFT,ITECH IN Equity,INTRASOFT TECHNOLOGIES LTD
IPCALAB,IPCA IN Equity,IPCA LABORATORIES LTD
IRCON,IRCON IN Equity,IRCON INTERNATIONAL LTD
ISMTLTD,ISMT IN Equity,ISMT LTD
ITC,ITC IN Equity,ITC LTD
ITDCEM,ITCE IN Equity,ITD CEMENTATION INDIA LTD
ITI,ITI IN Equity,ITI LTD
IVP,IVP IN Equity,IVP LTD
IVRCLINFRA,IVRC IN Equity,IVRCL LTD
IZMO,IZMO IN Equity,IZMO LTD
JKIL,JKIL IN Equity,J.KUMAR INFRAPROJECTS LTD
JAGRAN,JAGP IN Equity,JAGRAN PRAKASHAN LTD
JAIBALAJI,JBIL IN Equity,JAI BALAJI INDUSTRIES LTD
JAICORPLTD,JFI IN Equity,JAI CORP LTD
JAIHINDPRO,JHP IN Equity,JAIHIND PROJECTS LTD
JISLDVREQS,JI IN Equity,JAIN IRRIGATION SYSTEMS LTD
JAINSTUDIO,JNS IN Equity,JAIN STUDIOS LTD
JPASSOCIAT,JPA IN Equity,JAIPRAKASH ASSOCIATES LTD
JAMNAAUTO,JMNA IN Equity,JAMNA AUTO INDUSTRIES LTD
JAYBARMARU,JBM IN Equity,JAY BHARAT MARUTI LTD
JAYNECOIND,NGE IN Equity,JAYASWAL NECO INDUSTRIES LTD
JPINFRATEC,JPIN IN Equity,JAYPEE INFRATECH LTD
JBFIND,JBF IN Equity,JBF INDUSTRIES LTD
JBMA,JBMA IN Equity,JBM AUTO LTD
JIKIND,KFS IN Equity,JIK INDUSTRIES LTD
JINDCOT,JCOT IN Equity,JINDAL COTEX LTD
JINDALPHOT,JPL IN Equity,JINDAL PHOTO LTD
JINDALPOLY,JDPF IN Equity,JINDAL POLY FILMS LTD
JINDALSAW,JSAW IN Equity,JINDAL SAW LTD
JSL,JDSL IN Equity,JINDAL STAINLESS LTD
JINDALSTEL,JSP IN Equity,JINDAL STEEL & POWER LTD
JINDWORLD,JINW IN Equity,JINDAL WORLDWIDE LTD
JITFINFRA,JITFIN IN Equity,JITF INFRALOGISTICS LTD
JKCEMENT,JKCE IN Equity,JK CEMENT LTD
JKLAKSHMI,JKLC IN Equity,JK LAKSHMI CEMENT LTD
JKPAPER,JKPAPER IN Equity,JK PAPER LTD
JKTYRE,JKI IN Equity,JK TYRE & INDUSTRIES LTD
JMFINANCIL,JM IN Equity,JM FINANCIAL LTD
JMTAUTOLTD,JMT IN Equity,JMT AUTO LTD
JOCIL,JOCIL IN Equity,JOCIL LTD
JSWENERGY,JSW IN Equity,JSW ENERGY LTD
JSWHL,SWH IN Equity,JSW HOLDINGS LTD
JSWSTEEL,JSTL IN Equity,JSW STEEL LTD
JTEKTINDIA,JTEKT IN Equity,JTEKT INDIA LTD
JUBLFOOD,JUBI IN Equity,JUBILANT FOODWORKS LTD
JUBLINDS,JIND IN Equity,JUBILANT INDUSTRIES LTD
JUBILANT,JUBILANT IN Equity,JUBILANT LIFE SCIENCES LTD
JUSTDIAL,JUST IN Equity,JUST DIAL LTD
JVLAGRO,JVLA IN Equity,JVL AGRO INDUSTRIES LTD
JYOTHYLAB,JYL IN Equity,JYOTHY LABORATORIES LTD
KAJARIACER,KJC IN Equity,KAJARIA CERAMICS LTD
KALYANI,KALYANI IN Equity,KALYANI COMMERCIALS LTD
KALYANIFRG,KF IN Equity,KALYANI FORGE LTD
KSL,KS IN Equity,KALYANI STEELS LTD
KAMDHENU,KAMD IN Equity,KAMDHENU LTD
KANANIIND,KAIL IN Equity,KANANI INDUSTRIES LTD
KANSAINER,KNPL IN Equity,KANSAI NEROLAC PAINTS LTD
KARDA,KARDA IN Equity,KARDA CONSTRUCTIONS LTD
KARMAENG,KENG IN Equity,KARMA ENERGY LTD
KARURVYSYA,KVB IN Equity,KARUR VYSYA BANK LTD
KGL,KARG IN Equity,KARUTURI GLOBAL LTD
KAVVERITEL,KTPL IN Equity,KAVVERI TELECOM PRODUCTS LTD
KAYA,KAYA IN Equity,KAYA LTD
KCP,KCPL IN Equity,KCP LTD
KDDL,KDDL IN Equity,KDDL LTD
KEC,KECI IN Equity,KEC INTERNATIONAL LTD
KEI,KEII IN Equity,KEI INDUSTRIES LTD
KELLTONTEC,KTSL IN Equity,KELLTON TECH SOLUTIONS LTD
KESARENT,KSRE IN Equity,KESAR ENTERPRISES LTD
KESORAMIND,KSI IN Equity,KESORAM INDUSTRIES LTD
KKCL,KEKC IN Equity,KEWAL KIRAN CLOTHING LTD
KHADIM,KHDM IN Equity,KHADIM INDIA LTD
KHAITANELE,KHT IN Equity,KHAITAN ELECTRICALS LTD
KHANDSE,KHDS IN Equity,KHANDWALA SECURITIES LTD
KILITCH,KILD IN Equity,KILITCH DRUGS (INDIA) LTD
KIOCL,KIOCL IN Equity,KIOCL LTD
KIRIINDUS,KIRI IN Equity,KIRI INDUSTRIES LTD
KIRLOSBROS,KKB IN Equity,KIRLOSKAR BROTHERS LTD
KIRLOSIND,KKIL IN Equity,KIRLOSKAR INDUSTRIES LTD
KIRLOSENG,KOEL IN Equity,KIRLOSKAR OIL ENGINES LTD
KITEX,KTG IN Equity,KITEX GARMENTS LTD
KNRCON,KNRC IN Equity,KNR CONSTRUCTIONS LTD
KOHINOOR,KFL IN Equity,KOHINOOR FOODS LTD
KOKUYOCMLN,CAMLN IN Equity,KOKUYO CAMLIN LTD
KOPRAN,KOP IN Equity,KOPRAN LTD
KOTAKBANK,KMB IN Equity,KOTAK MAHINDRA BANK LTD
KOTHARIPET,KTPC IN Equity,KOTHARI PETROCHEMICALS LTD
KOTHARIPRO,KTP IN Equity,KOTHARI PRODUCTS LTD
KPITTECH,KPITTECH IN Equity,KPIT TECHNOLOGIES LTD
KRBL,KRB IN Equity,KRBL LTD
KRIDHANINF,KRID IN Equity,KRIDHAN INFRA LTD
KSB,KSB IN Equity,KSB LTD
KSK,KSK IN Equity,KSK ENERGY VENTURES LTD
KSERASERA,KSLD IN Equity,KSS LTD
KWALITY,KWALITY IN Equity,KWALITY LTD
L&TFH,LTFH IN Equity,L&T FINANCE HOLDINGS LTD
LTTS,LTTS IN Equity,L&T TECHNOLOGY SERVICES LTD
LAOPALA,LOG IN Equity,LA OPALA RG LTD
LAXMIMACH,LMW IN Equity,LAKSHMI MACHINE WORKS LTD
LAKSHVILAS,LVB IN Equity,LAKSHMI VILAS BANK LTD
LTI,LTI IN Equity,LARSEN & TOUBRO INFOTECH LTD
LT,LT IN Equity,LARSEN & TOUBRO LTD
LASA,LASA IN Equity,LASA SUPERGENERICS LTD
LAURUSLABS,LAURUS IN Equity,LAURUS LABS LTD
LEEL,LEEL IN Equity,LEEL ELECTRICALS LTD
LEMONTREE,LEMONTRE IN Equity,LEMON TREE HOTELS LTD
LGBFORGE,LGBF IN Equity,LGB FORGE LTD
LIBERTSHOE,LBS IN Equity,LIBERTY SHOES LTD
LICHSGFIN,LICHF IN Equity,LIC HOUSING FINANCE LTD
LINCPEN,LPP IN Equity,LINC PEN & PLASTICS LTD
LINCOLN,LPH IN Equity,LINCOLN PHARMACEUTICALS LTD
LINDEINDIA,LIIL IN Equity,LINDE INDIA LTD
LSIL,LSILIN IN Equity,LLOYDS STEELS INDUSTRIES LTD
LOKESHMACH,LOKM IN Equity,LOKESH MACHINES LTD
LOVABLE,LLL IN Equity,LOVABLE LINGERIE LTD
DAAWAT,LTFO IN Equity,LT FOODS LTD
LUMAXTECH,LMAX IN Equity,LUMAX AUTO TECHNOLOGIES LTD
LUMAXIND,LUMX IN Equity,LUMAX INDUSTRIES LTD
LUPIN,LPC IN Equity,LUPIN LTD
LUXIND,LUX IN Equity,LUX INDUSTRIES LTD
LYKALABS,LYKA IN Equity,LYKA LABS LTD
LYPSAGEMS,LYPS IN Equity,LYPSA GEMS & JEWELLERY LTD
MAANALU,MALU IN Equity,MAAN ALUMINIUM LTD
MADHUCON,MDHPJ IN Equity,MADHUCON PROJECTS LTD
MADRASFERT,MDF IN Equity,MADRAS FERTILIZERS LTD
MAGADSUGAR,MGDH IN Equity,MAGADH SUGAR & ENERGY LTD
MAGMA,MGMA IN Equity,MAGMA FINCORP LTD
MAGNUM,MAG IN Equity,MAGNUM VENTURES LTD
MGL,MAHGL IN Equity,MAHANAGAR GAS LTD
MAHSCOOTER,MHSC IN Equity,MAHARASHTRA SCOOTERS LTD
MAHSEAMLES,MHS IN Equity,MAHARASHTRA SEAMLESS LTD
MAHESHWARI,MLL IN Equity,MAHESHWARI LOGISTICS LTD
M&M,MM IN Equity,MAHINDRA & MAHINDRA LTD
MAHINDCIE,MACA IN Equity,MAHINDRA CIE AUTOMOTIVE LTD
MAHLOG,MAHLOG IN Equity,MAHINDRA LOGISTICS LTD
MAITHANALL,MAIT IN Equity,MAITHAN ALLOYS LTD
MAJESCO,MJCO IN Equity,MAJESCO LTD
MALUPAPER,MALP IN Equity,MALU PAPER MILLS LTD
MANINDS,MAN IN Equity,MAN INDUSTRIES (INDIA) LTD
MANINFRA,MINF IN Equity,MAN INFRACONSTRUCTION LTD
MANAKSIA,MANL IN Equity,MANAKSIA LTD
MANAKSTEEL,MASTL IN Equity,MANAKSIA STEELS LTD
MANALIPETC,MPCH IN Equity,MANALI PETROCHEMICALS LTD
MANAPPURAM,MGFL IN Equity,MANAPPURAM FINANCE LTD
MIL,MNDN IN Equity,MANDHANA INDUSTRIES LTD
MANGLMCEM,MGC IN Equity,MANGALAM CEMENT LTD
MANGTIMBER,MGTP IN Equity,MANGALAM TIMBER PRODUCTS LTD
MANPASAND,MANB IN Equity,MANPASAND BEVERAGES LTD
MANUGRAPH,MI IN Equity,MANUGRAPH INDIA LTD
MARALOVER,MO IN Equity,MARAL OVERSEAS LTD
MARATHON,MNRT IN Equity,MARATHON NEXTGEN REALTY LTD
MARICO,MRCO IN Equity,MARICO LTD
MARKSANS,MRKS IN Equity,MARKSANS PHARMA LTD
MARUTI,MSIL IN Equity,MARUTI SUZUKI INDIA LTD
MASFIN,MASFIN IN Equity,MAS FINANCIAL SERVICES LTD
MASKINVEST,MASKIN IN Equity,MASK INVESTMENTS LTD
MASTEK,MAST IN Equity,MASTEK LTD
MATRIMONY,MATRIM IN Equity,MATRIMONY.COM LTD
MAWANASUG,MWNS IN Equity,MAWANA SUGARS LTD
MFSL,MAXF IN Equity,MAX FINANCIAL SERVICES LTD
MAYURUNIQ,MUNI IN Equity,MAYUR UNIQUOTERS LTD
MAZDA,MZC IN Equity,MAZDA LTD
MBLINFRA,MBL IN Equity,MBL INFRASTRUCTURES LTD
MCDHOLDING,MACH IN Equity,MCDOWELL HOLDINGS LTD
MCLEODRUSS,MCLR IN Equity,MCLEOD RUSSEL INDIA LTD
MEGASOFT,MGSF IN Equity,MEGASOFT LTD
MEGH,MEGH IN Equity,MEGHMANI ORGANICS LTD
MENONBE,MEN IN Equity,MENON BEARINGS LTD
MERCATOR,MRLN IN Equity,MERCATOR LTD
METALFORGE,MEFO IN Equity,METALYST FORGINGS LTD
METROPOLIS,METROHL IN Equity,METROPOLIS HEALTHCARE LTD
MIC,MICE IN Equity,MIC ELECTRONICS LTD
MINDAIND,MNDA IN Equity,MINDA INDUSTRIES LTD
MINDTECK,HDTI IN Equity,MINDTECK (INDIA) LTD
MINDTREE,MTCL IN Equity,MINDTREE LTD
MIRCELECTR,MIRC IN Equity,MIRC ELECTRONICS LTD
MIRZAINT,MRZI IN Equity,MIRZA INTERNATIONAL LTD
MIDHANI,MIDHANI IN Equity,MISHRA DHATU NIGAM LTD
MMTC,MMTC IN Equity,MMTC LTD
MODIRUBBER,MDR IN Equity,MODI RUBBER LTD
MOHITIND,MHFB IN Equity,MOHIT INDUSTRIES LTD
MOHOTAIND,MOHOTA IN Equity,MOHOTA INDUSTRIES LTD
MOIL,MOIL IN Equity,MOIL LTD
MOLDTKPAC,MTEP IN Equity,MOLD-TEK PACKAGING LTD
MOLDTECH,MTEK IN Equity,MOLD-TEK TECHNOLOGIES LTD
AIONJSW,MISP IN Equity,MONNET ISPAT & ENERGY LTD
MONSANTO,MCHM IN Equity,MONSANTO INDIA LTD
MONTECARLO,MOCF IN Equity,MONTE CARLO FASHIONS LTD
MORARJEE,MTEX IN Equity,MORARJEE TEXTILES LTD
MOREPENLAB,MORE IN Equity,MOREPEN LABORATORIES LTD
MOTHERSUMI,MSS IN Equity,MOTHERSON SUMI SYSTEMS LTD
MPHASIS,MPHL IN Equity,MPHASIS LTD
MPSLTD,MPS IN Equity,MPS LTD
MRF,MRF IN Equity,MRF LTD
MRO-TEK,MROTK IN Equity,MRO-TEK REALTY LTD
MSPL,MSPS IN Equity,MSP STEEL & POWER LTD
MSTCLTD,MSTCLTD IN Equity,MSTC LTD
MTEDUCARE,MTEL IN Equity,MT EDUCARE LTD
MUKANDENGG,MKE IN Equity,MUKAND ENGINEERS LTD
MUKANDLTD,MUK IN Equity,MUKAND LTD
MUKTAARTS,MKTA IN Equity,MUKTA ARTS LTD
MUNJALAU,GCY IN Equity,MUNJAL AUTO INDUSTRIES LTD
MUNJALSHOW,MJS IN Equity,MUNJAL SHOWA LTD
RADIOCITY,RADIOCIT IN Equity,MUSIC BROADCAST LTD
MUTHOOTCAP,MTCS IN Equity,MUTHOOT CAPITAL SERVICES LTD
MUTHOOTFIN,MUTH IN Equity,MUTHOOT FINANCE LTD
MVL,MVLL IN Equity,MVL LTD
NACLIND,NACLIND IN Equity,NACL INDUSTRIES LTD
NDGL,NDGL IN Equity,NAGA DHUNSERI GROUP LTD
NAGAROIL,NOFL IN Equity,NAGARJUNA OIL REFINERY LTD
NAGREEKEXP,NGRE IN Equity,NAGREEKA EXPORTS LTD
NAHARPOLY,NPFL IN Equity,NAHAR POLY FILMS LTD
NAHARSPING,NSM IN Equity,NAHAR SPINNING MILLS LTD
NSIL,NINV IN Equity,NALWA SONS INVESTMENTS LTD
NDL,NAND IN Equity,NANDAN DENIM LTD
NATCOPHARM,NTCPH IN Equity,NATCO PHARMA LTD
NFL,NFL IN Equity,NATIONAL FERTILIZERS LTD
NBVENTURES,NBVL IN Equity,NAVA BHARAT VENTURES LTD
NAVNETEDUL,NELI IN Equity,NAVNEET EDUCATION LTD
NCC,NJCC IN Equity,NCC LTD
NCLIND,NCLI IN Equity,NCL INDUSTRIES LTD
NECLIFE,NLSC IN Equity,NECTAR LIFESCIENCES LTD
NITESHEST,NITE IN Equity,NEL HOLDINGS LTD
NELCAST,NELC IN Equity,NELCAST LTD
NELCO,NELCO IN Equity,NELCO LTD
NEOGEN,NEOGEN IN Equity,NEOGEN CHEMICALS LTD
NESCO,NSE IN Equity,NESCO LTD
NESTLEIND,NEST IN Equity,NESTLE INDIA LTD
NTL,NEUTL IN Equity,NEUEON TOWERS LTD
NEULANDLAB,NLL IN Equity,NEULAND LABORATORIES LTD
NDTV,NDTV IN Equity,NEW DELHI TELEVISION LTD
NEXTMEDIA,NML IN Equity,NEXT MEDIAWORKS LTD
NHPC,NHPC IN Equity,NHPC LTD
NIITLTD,NIIT IN Equity,NIIT LTD
NIITTECH,NITEC IN Equity,NIIT TECHNOLOGIES LTD
NILASPACES,NILASPAC IN Equity,NILA SPACES LTD
NILKAMAL,NILK IN Equity,NILKAMAL LTD
NIRAJISPAT,NIRAJI IN Equity,NIRAJ ISPAT INDUSTRIES LTD
NITCO,NITCO IN Equity,NITCO LTD
NITINSPIN,NSPL IN Equity,NITIN SPINNERS LTD
NKIND,NKI IN Equity,NK INDUSTRIES LTD
NLCINDIA,NLC IN Equity,NLC INDIA LTD
NMDC,NMDC IN Equity,NMDC LTD
NOCIL,NOCIL IN Equity,NOCIL LTD
NIBL,NIBL IN Equity,NRB INDUSTRIAL BEARINGS LTD
NTPC,NTPC IN Equity,NTPC LTD
NUCLEUS,NCS IN Equity,NUCLEUS SOFTWARE EXPORTS LTD
OBEROIRLTY,OBER IN Equity,OBEROI REALTY LTD
OISL,OISL IN Equity,OCL IRON AND STEEL LTD
OILCOUNTUB,OIL IN Equity,OIL COUNTRY TUBULAR LTD
OIL,OINL IN Equity,OIL INDIA LTD
OLECTRA,OLECTRA IN Equity,OLECTRA GREENTECH LTD
OMMETALS,OMM IN Equity,OM METALS INFRAPROJECTS LTD
OMAXAUTO,OMAX IN Equity,OMAX AUTOS LTD
OMAXE,OAXE IN Equity,OMAXE LTD
ONEPOINT,ONEPOINT IN Equity,ONE POINT ONE SOLUTIONS LTD
ONELIFECAP,OCAP IN Equity,ONELIFE CAPITAL ADVISORS LTD
ONMOBILE,ONMB IN Equity,ONMOBILE GLOBAL LTD
ONWARDTEC,ONT IN Equity,ONWARD TECHNOLOGIES LTD
OPTIEMUS,OPIL IN Equity,OPTIEMUS INFRACOM LTD
ORBTEXP,OEX IN Equity,ORBIT EXPORTS LTD
ORCHIDPHAR,ORCP IN Equity,ORCHID PHARMA LTD
ORICONENT,OTE IN Equity,ORICON ENTERPRISES LTD
ORIENTABRA,OA IN Equity,ORIENT ABRASIVES LTD
ORIENTBELL,OBL IN Equity,ORIENT BELL LTD
ORIENTCEM,ORCMNT IN Equity,ORIENT CEMENT LTD
ORIENTELEC,ORIENTEL IN Equity,ORIENT ELECTRIC LTD
ORIENTLTD,OP IN Equity,ORIENT PRESS LTD
ORIENTREF,ORIENT IN Equity,ORIENT REFRACTORIES LTD
ORIENTBANK,OBC IN Equity,ORIENTAL BANK OF COMMERCE
ORIENTHOT,OTH IN Equity,ORIENTAL HOTELS LTD
ORIENTALTL,OTRI IN Equity,ORIENTAL TRIMEX LTD
ORTEL,ORTEL IN Equity,ORTEL COMMUNICATIONS LTD
ORTINLABSS,ORTL IN Equity,ORTIN LABORATORIES LTD
OSWALAGRO,OWAM IN Equity,OSWAL AGRO MILLS LTD
PAEL,PAE IN Equity,PAE LTD
PAGEIND,PAG IN Equity,PAGE INDUSTRIES LTD
PAISALO,PAISALO IN Equity,PAISALO DIGITAL LTD
PALASHSECU,PALASH IN Equity,PALASH SECURITIES LTD
PALREDTEC,PALT IN Equity,PALRED TECHNOLOGIES LTD
PANACEABIO,PNCB IN Equity,PANACEA BIOTEC LTD
PANAMAPET,PNPC IN Equity,PANAMA PETROCHEM LTD
PARABDRUGS,PDL IN Equity,PARABOLIC DRUGS LTD
PARAGMILK,PARAG IN Equity,PARAG MILK FOODS LTD
PARSVNATH,PARSV IN Equity,PARSVNATH DEVELOPERS LTD
PATELENG,PEC IN Equity,PATEL ENGINEERING LTD
PATSPINLTD,PTS IN Equity,PATSPIN INDIA LTD
PCJEWELLER,PCJL IN Equity,PC JEWELLER LTD
PGIL,PGIL IN Equity,PEARL GLOBAL INDUSTRIES LTD
PEARLPOLY,PRLP IN Equity,PEARL POLYMERS LTD
PENINLAND,PENL IN Equity,PENINSULA LAND LTD
PENIND,PSL IN Equity,PENNAR INDUSTRIES LTD
PERSISTENT,PSYS IN Equity,PERSISTENT SYSTEMS LTD
PETRONET,PLNG IN Equity,PETRONET LNG LTD
PFIZER,PFIZ IN Equity,PFIZER LTD
PGEL,PGEL IN Equity,PG ELECTROPLAST LTD
PHILIPCARB,PHCB IN Equity,PHILLIPS CARBON BLACK LTD
PIIND,PI IN Equity,PI INDUSTRIES LTD
PIDILITIND,PIDI IN Equity,PIDILITE INDUSTRIES LTD
PILITA,PIIL IN Equity,PIL ITALICA LIFESTYLE LTD
PIONDIST,PND IN Equity,PIONEER DISTILLERIES LTD
PIONEEREMB,PNE IN Equity,PIONEER EMBROIDERIES LTD
PEL,PIEL IN Equity,PIRAMAL ENTERPRISES LTD
PIRPHYTO,PPHL IN Equity,PIRAMAL PHYTOCARE LTD
PITTIENG,PITTIENG IN Equity,PITTI ENGINEERING LTD
PLASTIBLEN,PBL IN Equity,PLASTIBLENDS INDIA LTD
PNBGILTS,PGLT IN Equity,PNB GILTS LTD
PNBHOUSING,PNBHOUSI IN Equity,PNB HOUSING FINANCE LTD
PNCINFRA,PNCL IN Equity,PNC INFRATECH LTD
PODDARMENT,PPG IN Equity,PODDAR PIGMENTS LTD
POKARNA,POKR IN Equity,POKARNA LTD
POLYMED,PLM IN Equity,POLY MEDICURE LTD
POLYCAB,POLYCAB IN Equity,POLYCAB INDIA LTD
POLYPLEX,PPC IN Equity,POLYPLEX CORPORATION LTD
POWERMECH,POWM IN Equity,POWER MECH PROJECTS LTD
PPAP,PPAP IN Equity,PPAP AUTOMOTIVE LTD
PRABHAT,PRABHAT IN Equity,PRABHAT DAIRY LTD
PRADIP,PRAD IN Equity,PRADIP OVERSEAS LTD
PRAJIND,PRJ IN Equity,PRAJ INDUSTRIES LTD
PRAKASHCON,PRAK IN Equity,PRAKASH CONSTROWELL LTD
PRAKASH,PKI IN Equity,PRAKASH INDUSTRIES LTD
PPL,PRAKPIPE IN Equity,PRAKASH PIPES LTD
PRAKASHSTL,PKSL IN Equity,PRAKASH STEELAGE LTD
DIAMONDYD,DIAMOND IN Equity,PRATAAP SNACKS LTD
PRAXIS,PRAXIS IN Equity,PRAXIS HOME RETAIL LTD
PRECAM,PRECAM IN Equity,PRECISION CAMSHAFTS LTD
PRECWIRE,PWI IN Equity,PRECISION WIRES INDIA LTD
PRECOT,PRTM IN Equity,PRECOT MERIDIAN LTD
PREMEXPLN,PRE IN Equity,PREMIER EXPLOSIVES LTD
PREMIER,PREM IN Equity,PREMIER LTD
PREMIERPOL,PRPF IN Equity,PREMIER POLYFILM LTD
PRESSMN,PMAL IN Equity,PRESSMAN ADVERTISING LTD
PRICOLLTD,PRICOL IN Equity,PRICOL LTD
PFOCUS,PRIF IN Equity,PRIME FOCUS LTD
PRIMESECU,PSEC IN Equity,PRIME SECURITIES LTD
PRSMJOHNSN,PRSMJ IN Equity,PRISM JOHNSON LTD
PGHL,PGHL IN Equity,PROCTER & GAMBLE HEALTH LTD
PROSEED,PROSEED IN Equity,PROSEED INDIA LTD
PROVOGE,PROV IN Equity,PROVOGUE (INDIA) LTD
PROZONINTU,PROZONE IN Equity,PROZONE INTU PROPERTIES LTD
PSL,PSLL IN Equity,PSL LTD
PSPPROJECT,PSPPL IN Equity,PSP PROJECTS LTD
PTC,PTCIN IN Equity,PTC INDIA LTD
PTL,PTLE IN Equity,PTL ENTERPRISES LTD
PDMJEPAPER,PDMJ IN Equity,PUDUMJEE PAPER PRODUCTS LTD
PUNJLLOYD,PUNJ IN Equity,PUNJ LLOYD LTD
PSB,PJSB IN Equity,PUNJAB & SIND BANK
PNB,PNB IN Equity,PUNJAB NATIONAL BANK
PURVA,PURVA IN Equity,PURAVANKARA LTD
PVR,PVRL IN Equity,PVR LTD
QUESS,QUESS IN Equity,QUESS CORP LTD
QUICKHEAL,QUICKHEA IN Equity,QUICK HEAL TECHNOLOGIES LTD
QUINTEGRA,QSL IN Equity,QUINTEGRA SOLUTIONS LTD
RSYSTEMS,RSYS IN Equity,R SYSTEMS INTERNATIONAL LTD
RPPINFRA,RPP IN Equity,R.P.P. INFRA PROJECTS LTD
RADAAN,RMIL IN Equity,RADAAN MEDIAWORKS INDIA LTD
RMCL,RMCL IN Equity,RADHA MADHAV CORPORATION LTD
RADICO,RDCK IN Equity,RADICO KHAITAN LTD
RVNL,RVNL IN Equity,RAIL VIKAS NIGAM LTD
RAIN,RINDL IN Equity,RAIN INDUSTRIES LTD
RAINBOWPAP,RBWP IN Equity,RAINBOW PAPERS LTD
RAJRAYON,RJI IN Equity,RAJ RAYON INDUSTRIES LTD
RAJTV,RAJT IN Equity,RAJ TELEVISION NETWORK LTD
ARENTERP,ARE IN Equity,RAJDARSHAN INDUSTRIES LTD
RAJESHEXPO,RJEX IN Equity,RAJESH EXPORTS LTD
RAJVIR,RAJV IN Equity,RAJVIR INDUSTRIES LTD
RALLIS,RALI IN Equity,RALLIS INDIA LTD
RAMASTEEL,RASTL IN Equity,RAMA STEEL TUBES LTD
RAMCOIND,RAMCO IN Equity,RAMCO INDUSTRIES LTD
RAMCOSYS,RMCS IN Equity,RAMCO SYSTEMS LTD
RAMGOPOLY,RGP IN Equity,RAMGOPAL POLYTEX LTD
RKFORGE,RMKF IN Equity,RAMKRISHNA FORGINGS LTD
RAMKY,RMKY IN Equity,RAMKY INFRASTRUCTURE LTD
RANASUG,RANA IN Equity,RANA SUGARS LTD
RBL,RABL IN Equity,RANE BRAKE LINING LTD
RANEHOLDIN,RHL IN Equity,RANE HOLDINGS LTD
RATNAMANI,RMT IN Equity,RATNAMANI METALS & TUBES LTD
RTNPOWER,RTPOW IN Equity,RATTANINDIA POWER LTD
RKDL,RKD IN Equity,RAVI KUMAR DISTILLERIES LTD
RAYMOND,RW IN Equity,RAYMOND LTD
RBLBANK,RBK IN Equity,RBL BANK LTD
RECLTD,RECL IN Equity,REC LTD
REFEX,REFX IN Equity,REFEX INDUSTRIES LTD
REGENCERAM,RGC IN Equity,REGENCY CERAMICS LTD
RELAXO,RLXF IN Equity,RELAXO FOOTWEARS LTD
RELCAPITAL,RCAPT IN Equity,RELIANCE CAPITAL LTD
RCOM,RCOM IN Equity,RELIANCE COMMUNICATIONS LTD
RHFL,RELHOME IN Equity,RELIANCE HOME FINANCE LTD
RELIANCE,RIL IN Equity,RELIANCE INDUSTRIES LTD
RELINFRA,RELI IN Equity,RELIANCE INFRASTRUCTURE LTD
RPOWER,RPWR IN Equity,RELIANCE POWER LTD
RELIGARE,RELG IN Equity,RELIGARE ENTERPRISES LTD
REMSONSIND,RSID IN Equity,REMSONS INDUSTRIES LTD
RGL,RENGL IN Equity,RENAISSANCE GLOBAL LTD
REPCOHOME,REPCO IN Equity,REPCO HOME FINANCE LTD
REPRO,REPR IN Equity,REPRO INDIA LTD
RESPONIND,RESP IN Equity,RESPONSIVE INDUSTRIES LTD
REVATHI,RCP IN Equity,REVATHI EQUIPMENT LTD
RICOAUTO,RAI IN Equity,RICO AUTO INDUSTRIES LTD
RITES,RITE IN Equity,RITES LTD
ROLLT,RLT IN Equity,ROLLATAINERS LTD
ROLTA,RLTA IN Equity,ROLTA INDIA LTD
ROSSELLIND,ROST IN Equity,ROSSELL INDIA LTD
ROHLTD,ROHL IN Equity,ROYAL ORCHID HOTELS LTD
RPGLIFE,RPGL IN Equity,RPG LIFE SCIENCES LTD
RSWM,RJS IN Equity,RSWM LTD
RUCHINFRA,CLFL IN Equity,RUCHI INFRASTRUCTURE LTD
RUCHISOYA,RSI IN Equity,RUCHI SOYA INDUSTRIES LTD
RUCHIRA,RUCP IN Equity,RUCHIRA PAPERS LTD
RUPA,RUPA IN Equity,RUPA & COMPANY LTD
RUSHIL,RDL IN Equity,RUSHIL DECOR LTD
SADBHAV,SADE IN Equity,SADBHAV ENGINEERING LTD
SAGCEM,SGC IN Equity,SAGAR CEMENTS LTD
SAGARDEEP,SAGARDEE IN Equity,SAGARDEEP ALLOYS LTD
SAKAR,SAKAR IN Equity,SAKAR HEALTHCARE LTD
SAKSOFT,SAK IN Equity,SAKSOFT LTD
SAKHTISUG,STSG IN Equity,SAKTHI SUGARS LTD
SAKUMA,SAEL IN Equity,SAKUMA EXPORTS LTD
SALONA,SALC IN Equity,SALONA COTSPIN LTD
SALZERELEC,SZE IN Equity,SALZER ELECTRONICS LTD
SAMBHAAV,PLS IN Equity,SAMBHAAV MEDIA LTD
SANCO,SAIN IN Equity,SANCO INDUSTRIES LTD
SANDHAR,SANDHAR IN Equity,SANDHAR TECHNOLOGIES LTD
SANGAMIND,SNGM IN Equity,SANGAM (INDIA) LTD
SANGHIIND,SNGI IN Equity,SANGHI INDUSTRIES LTD
SANGHVIMOV,SGM IN Equity,SANGHVI MOVERS LTD
SANOFI,SANL IN Equity,SANOFI INDIA LTD
SANWARIA,SANWCL IN Equity,SANWARIA CONSUMER LTD
SARDAEN,SEML IN Equity,SARDA ENERGY & MINERALS LTD
SAREGAMA,SARE IN Equity,SAREGAMA INDIA LTD
SARLAPOLY,SRPL IN Equity,SARLA PERFORMANCE FIBERS LTD
SASKEN,SASKEN IN Equity,SASKEN TECHNOLOGIES LTD
SASTASUNDR,SASV IN Equity,SASTASUNDAR VENTURES LTD
SATHAISPAT,SVI IN Equity,SATHAVAHANA ISPAT LTD
SATIN,SATIN IN Equity,SATIN CREDITCARE NETWORK LTD
SOTL,STEC IN Equity,SAVITA OIL TECHNOLOGIES LTD
SCHAEFFLER,SCHFL IN Equity,SCHAEFFLER INDIA LTD
SEAMECLTD,SEAM IN Equity,SEAMEC LTD
SEQUENT,SEQ IN Equity,SEQUENT SCIENTIFIC LTD
SETCO,SETC IN Equity,SETCO AUTOMOTIVE LTD
SHAHALLOYS,SA IN Equity,SHAH ALLOYS LTD
SHAKTIPUMP,SKPI IN Equity,SHAKTI PUMPS (INDIA) LTD
SHALBY,SHALBY IN Equity,SHALBY LTD
SHALPAINTS,SHP IN Equity,SHALIMAR PAINTS LTD
SHANTIGEAR,SG IN Equity,SHANTHI GEARS LTD
SHARDACROP,SHCR IN Equity,SHARDA CROPCHEM LTD
SHARDAMOTR,SHMO IN Equity,SHARDA MOTOR INDUSTRIES LTD
SFL,SFL IN Equity,SHEELA FOAM LTD
SPYL,SPYL IN Equity,SHEKHAWATI POLY-YARN LTD
SHEMAROO,SHEM IN Equity,SHEMAROO ENTERTAINMENT LTD
SHILPAMED,SLPA IN Equity,SHILPA MEDICARE LTD
SHIRPUR-G,ATRI IN Equity,SHIRPUR GOLD REFINERY LTD
SHIVAMILLS,SHIVAML IN Equity,SHIVA MILLS LTD
SHIVATEX,SVTY IN Equity,SHIVA TEXYARN LTD
SHIVAMAUTO,SVAT IN Equity,SHIVAM AUTOTECH LTD
SHOPERSTOP,SHOP IN Equity,SHOPPERS STOP LTD
SHREECEM,SRCM IN Equity,SHREE CEMENT LTD
SHREERAMA,SRMT IN Equity,SHREE RAMA MULTI-TECH LTD
RAMANEWS,RNSP IN Equity,SHREE RAMA NEWSPRINT LTD
RENUKA,SHRS IN Equity,SHREE RENUKA SUGARS LTD
SHREYANIND,SHYI IN Equity,SHREYANS INDUSTRIES LTD
SHRIRAMEPC,SEPC IN Equity,SHRIRAM EPC LTD
SHRIPISTON,SPRL IN Equity,SHRIRAM PISTONS & RINGS LTD
SHYAMCENT,SCFL IN Equity,SHYAM CENTURY FERROUS LTD
SHYAMTEL,SHY IN Equity,SHYAM TELECOM LTD
SICAGEN,SICI IN Equity,SICAGEN INDIA LTD
SICAL,SICL IN Equity,SICAL LOGISTICS LTD
SIEMENS,SIEM IN Equity,SIEMENS LTD
SIGIND,SGOS IN Equity,SIGNET INDUSTRIES LTD
SILINV,SIIN IN Equity,SIL INVESTMENTS LTD
SIMPLEXINF,SINF IN Equity,SIMPLEX INFRASTRUCTURES LTD
SINTEX,SINT IN Equity,SINTEX INDUSTRIES LTD
SITASHREE,SSFP IN Equity,SITA SHREE FOOD PRODUCTS LTD
SITINET,SITINET IN Equity,SITI NETWORKS LTD
SIYSIL,SIYA IN Equity,SIYARAM SILK MILLS LTD
SJVN,SJVN IN Equity,SJVN LTD
SKFINDIA,SKF IN Equity,SKF INDIA LTD
SKIL,SKIL IN Equity,SKIL INFRASTRUCTURE LTD
SKIPPER,SKIPPER IN Equity,SKIPPER LTD
SMARTLINK,SHDSL IN Equity,SMARTLINK HOLDINGS LTD
SMLISUZU,SM IN Equity,SML ISUZU LTD
SMSLIFE,SMSLIFE IN Equity,SMS LIFESCIENCES INDIA LTD
SMSPHARMA,SMSPH IN Equity,SMS PHARMACEUTICALS LTD
SNOWMAN,SNLL IN Equity,SNOWMAN LOGISTICS LTD
SOBHA,SOBHA IN Equity,SOBHA LTD
SOLARINDS,SOIL IN Equity,SOLAR INDUSTRIES INDIA LTD
SOMANYCERA,SOMC IN Equity,SOMANY CERAMICS LTD
SOMICONVEY,SCBL IN Equity,SOMI CONVEYOR BELTINGS LTD
SONATSOFTW,SSOF IN Equity,SONATA SOFTWARE LTD
SORILINFRA,SORI IN Equity,SORIL INFRA RESOURCES LTD
SPECIALITY,SRL IN Equity,SPECIALITY RESTAURANTS LTD
SPENCERS,SPENCER IN Equity,SPENCER'S RETAIL LTD
SPENTEX,SPTI IN Equity,SPENTEX INDUSTRIES LTD
SPICEMOBI,SPCEM IN Equity,SPICE MOBILITY LTD
SPLIL,SPLI IN Equity,SPL INDUSTRIES LTD
SMPL,SMPLTD IN Equity,SPLENDID METAL PRODUCTS LTD
SPMLINFRA,SPML IN Equity,SPML INFRA LTD
SREEL,SREE IN Equity,SREELEATHERS LTD
SRF,SRF IN Equity,SRF LTD
SRIPIPES,SRIK IN Equity,SRIKALAHASTHI PIPES LTD
SRSLTD,SRSLT IN Equity,SRS LTD
SCAPDVR,SCAP IN Equity,STAMPEDE CAPITAL LTD
SIL,STD IN Equity,STANDARD INDUSTRIES LTD
STARCEMENT,STRCEM IN Equity,STAR CEMENT LTD
STARPAPER,STPM IN Equity,STAR PAPER MILLS LTD
SBIN,SBIN IN Equity,STATE BANK OF INDIA
STEELXIND,SEIL IN Equity,STEEL EXCHANGE INDIA LTD
SSWL,SSW IN Equity,STEEL STRIPS WHEELS LTD
STEL,STEL IN Equity,STEL HOLDINGS LTD
STERTOOLS,STRT IN Equity,STERLING TOOLS LTD
STRTECH,SOTL IN Equity,STERLITE TECHNOLOGIES LTD
STINDIA,STIB IN Equity,STI INDIA LTD
SGL,SHGL IN Equity,STL GLOBAL LTD
STAR,STR IN Equity,STRIDES PHARMA SCIENCE LTD
SUBEX,SUBX IN Equity,SUBEX LTD
SUBROS,SUBR IN Equity,SUBROS LTD
SUMEETINDS,SUMT IN Equity,SUMEET INDUSTRIES LTD
SUMMITSEC,SUMM IN Equity,SUMMIT SECURITIES LTD
SUNTV,SUNTV IN Equity,SUN TV NETWORK LTD
SUNDRMBRAK,SBL IN Equity,SUNDARAM BRAKE LININGS LTD
SUNCLAYLTD,SDC IN Equity,SUNDARAM CLAYTON LTD
SUNDARMFIN,SUF IN Equity,SUNDARAM FINANCE LTD
SUNDARAM,SMUL IN Equity,SUNDARAM MULTI PAP LTD
SUNDRMFAST,SF IN Equity,SUNDRAM FASTENERS LTD
SUNILHITEC,SUHE IN Equity,SUNIL HITECH ENGINEERS LTD
SUNTECK,SRIN IN Equity,SUNTECK REALTY LTD
SUPERHOUSE,SUPL IN Equity,SUPERHOUSE LTD
SUPRAJIT,SEL IN Equity,SUPRAJIT ENGINEERING LTD
SUPREMEIND,SI IN Equity,SUPREME INDUSTRIES LTD
SUPPETRO,SPPT IN Equity,SUPREME PETROCHEM LTD
SURANASOL,SURA IN Equity,SURANA SOLAR LTD
SURYAROSNI,SYR IN Equity,SURYA ROSHNI LTD
SUVEN,SVLS IN Equity,SUVEN LIFE SCIENCES LTD
SUZLON,SUEL IN Equity,SUZLON ENERGY LTD
SWANENERGY,SWAN IN Equity,SWAN ENERGY LTD
SWARAJENG,SWE IN Equity,SWARAJ ENGINES LTD
SWELECTES,SESL IN Equity,SWELECT ENERGY SYSTEMS LTD
SYMPHONY,SYML IN Equity,SYMPHONY LTD
SYNCOM,SHCL IN Equity,SYNCOM HEALTHCARE LTD
SYNDIBANK,SNDB IN Equity,SYNDICATE BANK
SYNGENE,SYNG IN Equity,SYNGENE INTERNATIONAL LTD
TAJGVK,TAJG IN Equity,TAJ GVK HOTELS & RESORTS LTD
TAKE,TAKE IN Equity,TAKE SOLUTIONS LTD
TALWGYM,TALWGYM IN Equity,TALWALKARS HEALTHCLUBS LTD
TNPETRO,TNPP IN Equity,TAMILNADU PETROPRODUCTS LTD
TANLA,TANS IN Equity,TANLA SOLUTIONS LTD
TARAJEWELS,TARAJ IN Equity,TARA JEWELS LTD
TARAPUR,TTRAN IN Equity,TARAPUR TRANSFORMERS LTD
TARMAT,TARL IN Equity,TARMAT LTD
TASTYBITE,TSTY IN Equity,TASTY BITE EATABLES LTD
TATACHEM,TTCH IN Equity,TATA CHEMICALS LTD
TATACOFFEE,TCO IN Equity,TATA COFFEE LTD
TATACOMM,TCOM IN Equity,TATA COMMUNICATIONS LTD
TATAELXSI,TELX IN Equity,TATA ELXSI LTD
TATAGLOBAL,TGBL IN Equity,TATA GLOBAL BEVERAGES LTD
TATAMETALI,TML IN Equity,TATA METALIKS LTD
TATAMOTORS,TTMT IN Equity,TATA MOTORS LTD
TATASPONGE,TTSP IN Equity,TATA SPONGE IRON LTD
TATASTLBSL,TATASTL IN Equity,TATA STEEL BSL LTD
TATASTEEL,TATA IN Equity,TATA STEEL LTD
TCIDEVELOP,TCID IN Equity,TCI DEVELOPERS LTD
TCIEXP,TCIEXP IN Equity,TCI EXPRESS LTD
TCIFINANCE,TCIF IN Equity,TCI FINANCE LTD
TCPLPACK,TCPL IN Equity,TCPL PACKAGING LTD
TDPOWERSYS,TDPS IN Equity,TD POWER SYSTEMS LTD
TEAMLEASE,TEAM IN Equity,TEAMLEASE SERVICES LTD
TECHM,TECHM IN Equity,TECH MAHINDRA LTD
TECHIN,TEIN IN Equity,TECHINDIA NIRMAN LTD
TECHNOFAB,TECE IN Equity,TECHNOFAB ENGINEERING LTD
TEJASNET,TEJASNET IN Equity,TEJAS NETWORKS LTD
TERASOFT,TERA IN Equity,TERA SOFTWARE LTD
TEXMOPIPES,TEXMO IN Equity,TEXMO PIPES AND PRODUCTS LTD
TGBHOTELS,TGBB IN Equity,TGB BANQUETS AND HOTELS LTD
BYKE,BYKE IN Equity,THE BYKE HOSPITALITY LTD
THEMISMED,TMCH IN Equity,THEMIS MEDICARE LTD
THERMAX,TMX IN Equity,THERMAX LTD
THIRUSUGAR,TAS IN Equity,THIRU AROORAN SUGARS LTD
TIRUMALCHM,TMC IN Equity,THIRUMALAI CHEMICALS LTD
THYROCARE,THYROCAR IN Equity,THYROCARE TECHNOLOGIES LTD
TIJARIA,TPOL IN Equity,TIJARIA POLYPIPES LTD
TIL,TIL IN Equity,TIL LTD
TI,TLNGR IN Equity,TILAKNAGAR INDUSTRIES LTD
TIMETECHNO,TIME IN Equity,TIME TECHNOPLAST LTD
TIMESGTY,TGFI IN Equity,TIMES GUARANTY LTD
TIMKEN,TMKN IN Equity,TIMKEN INDIA LTD
TIPSINDLTD,TPS IN Equity,TIPS INDUSTRIES LTD
TWL,TWL IN Equity,TITAGARH WAGONS LTD
TORNTPHARM,TRP IN Equity,TORRENT PHARMACEUTICALS LTD
TORNTPOWER,TPW IN Equity,TORRENT POWER LTD
TPLPLASTEH,TPPL IN Equity,TPL PLASTECH LTD
TFL,TRANF IN Equity,TRANSWARRANTY FINANCE LTD
TREJHARA,TREJSL IN Equity,TREJHARA SOLUTIONS LTD
TRENT,TRENT IN Equity,TRENT LTD
TRF,TRF IN Equity,TRF LTD
TRIDENT,TRID IN Equity,TRIDENT LTD
TRIGYN,LES IN Equity,TRIGYN TECHNOLOGIES LTD
TRITURBINE,TRIV IN Equity,TRIVENI TURBINE LTD
TTKHLTCARE,TTKP IN Equity,TTK HEALTHCARE LTD
TTKPRESTIG,TTKPT IN Equity,TTK PRESTIGE LTD
TVTODAY,TVTN IN Equity,TV TODAY NETWORK LTD
TVVISION,TVIS IN Equity,TV VISION LTD
TV18BRDCST,TV18 IN Equity,TV18 BROADCAST LTD
TVSELECT,TVSEL IN Equity,TVS ELECTRONICS LTD
TVSSRICHAK,SRTY IN Equity,TVS SRICHAKRA LTD
UCALFUEL,UCAL IN Equity,UCAL FUEL SYSTEMS LTD
UCOBANK,UCO IN Equity,UCO BANK
UFLEX,UFLX IN Equity,UFLEX LTD
UFO,UFOM IN Equity,UFO MOVIEZ INDIA LTD
UJAAS,UJEL IN Equity,UJAAS ENERGY LTD
ULTRACEMCO,UTCEM IN Equity,ULTRATECH CEMENT LTD
UMANGDAIRY,UMAN IN Equity,UMANG DAIRIES LTD
UNICHEMLAB,UL IN Equity,UNICHEM LABORATORIES LTD
UNIONBANK,UNBK IN Equity,UNION BANK OF INDIA
UNIENTER,UPE IN Equity,UNIPHOS ENTERPRISES LTD
UNIPLY,UNIP IN Equity,UNIPLY INDUSTRIES LTD
UNITECH,UT IN Equity,UNITECH LTD
UNITEDBNK,UNTDB IN Equity,UNITED BANK OF INDIA
UBL,UBBL IN Equity,UNITED BREWERIES LTD
MCDOWELL-N,UNSP IN Equity,UNITED SPIRITS LTD
UNITY,UIP IN Equity,UNITY INFRAPROJECTS LTD
UNIVCABLES,UVC IN Equity,UNIVERSAL CABLES LTD
UPL,UPLL IN Equity,UPL LTD
URJA,UGL IN Equity,URJA GLOBAL LTD
USHAMART,USM IN Equity,USHA MARTIN LTD
UTTAMSTL,UTTM IN Equity,UTTAM GALVA STEELS LTD
UTTAMSUGAR,UTSM IN Equity,UTTAM SUGAR MILLS LTD
UVSL,UVSL IN Equity,UTTAM VALUE STEELS LTD
V2RETAIL,VREL IN Equity,V2 RETAIL LTD
WABAG,VATW IN Equity,VA TECH WABAG LTD
VADILALIND,VDI IN Equity,VADILAL INDUSTRIES LTD
VAIBHAVGBL,VGM IN Equity,VAIBHAV GLOBAL LTD
VAKRANGEE,VKI IN Equity,VAKRANGEE LTD
VARDHACRLC,VAL IN Equity,VARDHMAN ACRYLICS LTD
VHL,VARH IN Equity,VARDHMAN HOLDINGS LTD
VARDMNPOLY,VP IN Equity,VARDHMAN POLYTEX LTD
VSSL,VSSL IN Equity,VARDHMAN SPECIAL STEELS LTD
VTL,VTEX IN Equity,VARDHMAN TEXTILES LTD
VARROC,VARROC IN Equity,VARROC ENGINEERING LTD
VBL,VBL IN Equity,VARUN BEVERAGES LTD
VASCONEQ,VSCN IN Equity,VASCON ENGINEERS LTD
VASWANI,VAS IN Equity,VASWANI INDUSTRIES LTD
VEDL,VEDL IN Equity,VEDANTA LTD
VENKEYS,WH IN Equity,VENKY'S (INDIA) LTD
VENUSREM,VNR IN Equity,VENUS REMEDIES LTD
VESUVIUS,VI IN Equity,VESUVIUS INDIA LTD
VGUARD,VGRD IN Equity,V-GUARD INDUSTRIES LTD
VICEROY,PLHH IN Equity,VICEROY HOTELS LTD
VIDEOIND,VCLF IN Equity,VIDEOCON INDUSTRIES LTD
VIJIFIN,VFL IN Equity,VIJI FINANCE LTD
VIKASECO,VKEC IN Equity,VIKAS ECOTECH LTD
VIKASMCORP,VIKAS IN Equity,VIKAS MULTICORP LTD
VIMALOIL,VOF IN Equity,VIMAL OIL & FOODS LTD
VIMTALABS,VL IN Equity,VIMTA LABS LTD
VINATIORGA,VO IN Equity,VINATI ORGANICS LTD
VINDHYATEL,VT IN Equity,VINDHYA TELELINKS LTD
VINYLINDIA,VNYL IN Equity,VINYL CHEMICALS (INDIA) LTD
VIPCLOTHNG,VIPCL IN Equity,VIP CLOTHING LTD
VIPULLTD,VPUL IN Equity,VIPUL LTD
VISASTEEL,VISA IN Equity,VISA STEEL LTD
VIVIDHA,VISP IN Equity,VISAGAR POLYTEX LTD
VISAKAIND,VSKI IN Equity,VISAKA INDUSTRIES LTD
VISESHINFO,VIS IN Equity,VISESH INFOTECNICS LTD
VISHNU,VCL IN Equity,VISHNU CHEMICALS LTD
VIVIMEDLAB,VILA IN Equity,VIVIMED LABS LTD
VLSFINANCE,VLS IN Equity,VLS FINANCE LTD
IDEA,IDEA IN Equity,VODAFONE IDEA LTD
VOLTAMP,VAMP IN Equity,VOLTAMP TRANSFORMERS LTD
VOLTAS,VOLT IN Equity,VOLTAS LTD
VRLLOG,VRLL IN Equity,VRL LOGISTICS LTD
VSTIND,VST IN Equity,VST INDUSTRIES LTD
WABCOINDIA,WIL IN Equity,WABCO INDIA LTD
WANBURY,WANB IN Equity,WANBURY LTD
WEBELSOLAR,WESL IN Equity,WEBSOL ENERGY SYSTEM LTD
WEIZFOREX,WEIZF IN Equity,WEIZMANN FOREX LTD
WEIZMANIND,WEIZ IN Equity,WEIZMANN LTD
WELCORP,WLCO IN Equity,WELSPUN CORP LTD
WELSPUNIND,WLSI IN Equity,WELSPUN INDIA LTD
WSTCSTPAPR,WCPM IN Equity,WEST COAST PAPER MILLS LTD
WHEELS,WHL IN Equity,WHEELS INDIA LTD
WHIRLPOOL,WHIRL IN Equity,WHIRLPOOL OF INDIA LTD
WINDMACHIN,WML IN Equity,WINDSOR MACHINES LTD
WINSOME,WSY IN Equity,WINSOME YARNS LTD
WIPRO,WPRO IN Equity,WIPRO LTD
WOCKPHARMA,WPL IN Equity,WOCKHARDT LTD
WONDERLA,WONH IN Equity,WONDERLA HOLIDAYS LTD
XCHANGING,XSL IN Equity,XCHANGING SOLUTIONS LTD
XLENERGY,XLE IN Equity,XL ENERGY LTD
XPROINDIA,XPRO IN Equity,XPRO INDIA LTD
YESBANK,YES IN Equity,YES BANK LTD
ZEELEARN,ZLL IN Equity,ZEE LEARN LTD
ZEEMEDIA,ZEEN IN Equity,ZEE MEDIA CORPORATION LTD
ZENTEC,ZEN IN Equity,ZEN TECHNOLOGIES LTD
ZENITHEXPO,ZE IN Equity,ZENITH EXPORTS LTD
ZENSARTECH,ZENT IN Equity,ZENSAR TECHNOLOGIES LTD
ZUARI,ZUAC IN Equity,ZUARI AGRO CHEMICALS LTD
ZUARIGLOB,ZUAR IN Equity,ZUARI GLOBAL LTD
ZYDUSWELL,ZYWL IN Equity,ZYDUS WELLNESS LTD
3RDROCK,3RML IN Equity,3RD ROCK MULTIMEDIA LTD
ABNINT,ABNI IN Equity,A B N INTERCORP LTD
AAKASH,AAKASH IN Equity,AAKASH EXPLORATION SERVICES
AARON,AARON IN Equity,AARON INDUSTRIES LTD
AARVI,AARVI IN Equity,AARVI ENCON LTD
ABGSHIP,ABGS IN Equity,ABG SHIPYARD LTD
ABHISHEK,ABSC IN Equity,ABHISHEK CORPORATION LTD
ACCORD,ACCORD IN Equity,ACCORD SYNERGY LTD
ACCURACY,ACCURACY IN Equity,ACCURACY SHIPPING LTD
ACEINTEG,ACEINTEG IN Equity,ACE INTEGRATED SOLUTIONS LTD
AHIMSA,AHIMSA IN Equity,AHIMSA INDUSTRIES LTD
AHLADA,AHLADA IN Equity,AHLADA ENGINEERS LTD
AIROLAM,AIROLAM IN Equity,AIRO LAM LTD
AJOONI,AJOONI IN Equity,AJOONI BIOTECH LTD
AKASH,AKASHI IN Equity,AKASH INFRA-PROJECTS LTD
AKG,AKGE IN Equity,AKG EXIM LTD
ALMONDZ,AGSL IN Equity,ALMONDZ GLOBAL SECURITIES LT
AMAR,AMAR IN Equity,AMAR REMEDIES LTD
AMBANIORG,AMBORG IN Equity,AMBANI ORGANICS LTD
AMBICAAGAR,AMBA IN Equity,AMBICA AGARBATHIES AROMA & I
ASIL,AMSP IN Equity,AMIT SPINNING INDS LTD
AMTEKAUTO,AMTK IN Equity,AMTEK AUTO LTD
ANDHRSUGAR,ASG IN Equity,ANDHRA SUGARS LTD
ANGIND,ANGI IN Equity,ANG INDUSTRIES LTD
AISL,AISL IN Equity,ANI INTEGRATED SERVICES LTD
ANUP,ANUP IN Equity,ANUP ENGINEERING LIMITED/THE
APOLLOHOSP,APHS IN Equity,APOLLO HOSPITALS ENTERPRISE
ARIHANT,AFH IN Equity,ARIHANT FOUNDATIONS & HOUSIN
ARSSINFRA,ARSS IN Equity,ARSS INFRASTRUCTURE PROJECTS
ARTNIRMAN,ANL IN Equity,ART NIRMAN LTD
ARTEDZ,ARTEDZ IN Equity,ARTEDZ FABS LTD
AGLSL,AGLSL IN Equity,ARTEMIS GLOBAL LIFE SCIENCE
ARVEE,ARVEE IN Equity,ARVEE LABORATORIES INDIA LTD
AIFL,AIFL IN Equity,ASHAPURA INTIMATES FASHION L
AHLEAST,AHEL IN Equity,ASIAN HOTELS EAST LTD
ASIANHOTNR,AHOT IN Equity,ASIAN HOTELS NORTH LTD
AHLWEST,AHWL IN Equity,ASIAN HOTELS WEST LTD
ASLIND,ASLIND IN Equity,ASL INDUSTRIES LTD
ASPINWALL,ASPINWAL IN Equity,ASPINWALL & CO LTD/INDIA
ASSAMCO,ASAM IN Equity,ASSAM CO INDIA LTD
ASTRON,ASTRON IN Equity,ASTRON PAPER & BOARD MILL LT
ATCOM,ATCO IN Equity,ATCOM TECHNOLOGIES LTD
ATLANTA,ALTA IN Equity,ATLANTA LTD
ATLASCYCLE,ATCY IN Equity,ATLAS CYCLES HARYANA LTD
ATNINTER,AHC IN Equity,ATN INTERNATIONAL LTD
AURDIS,AURDIS IN Equity,AURANGABAD DISTILLERY LTD
ASAL,ATSA IN Equity,AUTOMOTIVE STAMPINGS & ASSEM
AUTORIDFIN,ATRD IN Equity,AUTORIDERS FINANCE LTD
AVENTUS,AVENTUS IN Equity,AVENTUS BUILDCON LTD
AVG,AVG IN Equity,AVG LOGISTICS LTD
AVONMPL,AVONMPL IN Equity,AVON MOLDPLAST LTD
AVSL,AVSL IN Equity,AVSL INDUSTRIES LTD
AXISCADES,AXET IN Equity,AXISCADES ENGINEERING TECHNO
BBTCL,BBTCL IN Equity,B&B TRIPLEWALL CONTAINERS LT
BAGFILMS,BAGF IN Equity,B.A.G. FILMS & MEDIA LTD
BABAFOOD,BABAFOOD IN Equity,BABA AGRO FOOD LTD
BAJAJHLDNG,BJHI IN Equity,BAJAJ HOLDINGS AND INVESTMEN
BALMLAWRIE,BLCL IN Equity,BALMER LAWRIE & CO LTD
BANCOINDIA,BNCO IN Equity,BANCO PRODUCTS (INDIA) LTD
BANKA,BANKA IN Equity,BANKA BIOLOO LTD
BASML,BASM IN Equity,BANNARI AMMAN SPINNING MILLS
BANSAL,BANSAL IN Equity,BANSAL MULTIFLEX LTD
BDR,BDRB IN Equity,BDR BUILDCON LTD
BERGEPAINT,BRGR IN Equity,BERGER PAINTS INDIA LTD
BETA,BETADR IN Equity,BETA DRUGS LTD
BHALCHANDR,BHCL IN Equity,BHALCHANDRAM CLOTHING LTD
BHANDARI ,BHX IN Equity,BHANDARI HOSIERY EXPORTS
BEPL,BEPL IN Equity,BHANSALI ENGINEERNG POLYMER
BHARATFIN,BHAFIN IN Equity,BHARAT FINANCIAL INCLUSION L
BHEL,BHEL IN Equity,BHARAT HEAVY ELECTRICALS
BPCL,BPCL IN Equity,BHARAT PETROLEUM CORP LTD
BHARATIDIL,BHDIL IN Equity,BHARATI DEFENCE AND INFRASTR
BGLOBAL,BGIL IN Equity,BHARATIYA GLOBAL INFOMEDIA L
BILPOWER,BILP IN Equity,BILPOWER LTD
BIOFILCHEM,BFC IN Equity,BIOFIL CHEMICALS & PHARMS
BIRLACORPN,BCORP IN Equity,BIRLA CORP LTD
BLS,BLSIN IN Equity,BLS INTERNATIONAL LTD
BLUEBLENDS,BLB IN Equity,BLUE BLENDS (INDIA) LTD
BLUECHIP ,BLCI IN Equity,BLUE CHIP INDIA LTD
BOHRA,BOHRA IN Equity,BOHRA INDUSTRIES LTD
BBTC,BBTC IN Equity,BOMBAY BURMAH TRADING CORP
BOMDYEING,BD IN Equity,BOMBAY DYEING & MFG CO LTD
BSHSL,BSHSL IN Equity,BOMBAY SUPER HYBRID SEEDS LT
BCONCEPTS,BCONCEPT IN Equity,BRAND CONCEPTS LTD
BRIGHT,BRIGHT IN Equity,BRIGHT SOLAR LTD
BSLIMITED,BSTL IN Equity,BS LTD
BSELINFRA,BSEL IN Equity,BSEL INFRASTRUCTURE REALTY
BUTTERFLY ,BGAL IN Equity,BUTTERFLY GANDHIMATHI APPLIA
CADSYS ,CADSYS IN Equity,CADSYS INDIA LTD
CALSOFT,CFSC IN Equity,CALIFORNIA SOFTWARE CO LTD
CTE,CTECH IN Equity,CAMBRIDGE TECHNOLOGY ENTERPR
CAPLIPOINT,CLPL IN Equity,CAPLIN POINT LABORATORIES
CCL,CCLP IN Equity,CCL PRODUCTS INDIA LTD
CDSL,CDSL IN Equity,CENTRAL DEPOSITORY SERVICES
CENTURYPLY,CPBI IN Equity,CENTURY PLYBOARDS INDIA LTD
CENTURYTEX,CENT IN Equity,CENTURY TEXTILES & INDS LTD
CEREBRAINT,CIT IN Equity,CEREBRA INTEGRATED TECH LTD
CGPOWER,CGPOWER IN Equity,CG POWER AND INDUSTRIAL SOLU
CHAMBLFERT,CHMB IN Equity,CHAMBAL FERTILISERS & CHEM
CHENNPETRO,MRL IN Equity,CHENNAI PETROLEUM CORP LTD
CHOLAFIN,CHOLAHLD IN Equity,CHOLAMANDALAM FINANCIAL HOLD
CHOLAHLDNG,CIFC IN Equity,CHOLAMANDALAM INVESTMENT AND
CKPLEISURE,CKPLEISU IN Equity,CKP LEISURE LTD
CKPPRODUCT,CKP IN Equity,CKP PRODUCTS LTD
CLNINDIA,CLRC IN Equity,CLARIANT CHEMICALS (I) LTD
CMMIPL,CMMI IN Equity,CMM INFRAPROJECTS LTD
COLPAL,CLGT IN Equity,COLGATE PALMOLIVE (INDIA)
CEBBCO,CEBB IN Equity,COMMERCIAL ENGINEERS & BODY
CONFIPET,CONF IN Equity,CONFIDENCE PETROLEUM INDIA
CCCL,CCCL IN Equity,CONSOLIDATED CONSTRUCTION CO
CONSOFINVT,CDFH IN Equity,CONSOLIDATED FINVEST & HLDG
CONCOR,CCRI IN Equity,CONTAINER CORP OF INDIA LTD
CONTI,CONTI IN Equity,CONTINENTAL SEEDS AND CHEMIC
CORALFINAC,CIFH IN Equity,CORAL INDIA FINANCE & HOUSIN
CCHHL,CCHH IN Equity,COUNTRY CLUB HOSPITALITY & H
CKFSL,CKFSL IN Equity,COX & KINGS FINANCIAL SERVIC
COX&KINGS,COXK IN Equity,COX AND KINGS LTD
CREATIVE,CREATIVE IN Equity,CREATIVE PERIPHERALS AND DIS
CROMPTON,CROMPTON IN Equity,CROMPTON GREAVES CONSUMER EL
CROWN,CROWN IN Equity,CROWN LIFTERS LTD
CYBERMEDIA,CYBM IN Equity,CYBER MEDIA INDIA LTD
CYBERTECH ,CYBT IN Equity,CYBERTECH SYSTEMS & SOFTWARE
DPABHUSHAN,DPAL IN Equity,D P ABHUSHAN LTD
DBCORP,DBCL IN Equity,D.B. CORP LTD
DSKULKARNI,DSK IN Equity,D.S. KULKARNI DEVELOPERS
DALMIASUG,DCB IN Equity,DALMIA BHARAT SUGAR & INDUST
DANGEE,DANGEE IN Equity,DANGEE DUMS LTD
DATAMATICS,DATA IN Equity,DATAMATICS GLOBAL SERVICES
DBSTOCKBRO,DBISB IN Equity,DB INTL STOCK BROKERS LTD
DCMFINSERV,DCMFS IN Equity,DCM FINANCIAL SERVICES
DCM,DCM IN Equity,DCM LTD
DSML,DSML IN Equity,DEBOCK SALES & MKTG LTD
DEEPAKFERT,DFPC IN Equity,DEEPAK FERTILISERS & PETRO
DENSO INDI,SRFN IN Equity,DENSO INDIA LTD
DEVIT,DEVIT IN Equity,DEV INFORMATION TECHNOLOGY L
DHFL,DEWH IN Equity,DEWAN HOUSING FINANCE CORP
DRL,DHRL IN Equity,DHANUKA REALTY LTD
DHARSUGAR,DSC IN Equity,DHARANI SUGARS & CHEMICALS
DTIL,DTIL IN Equity,DHUNSERI TEA & INDUSTRIES LT
DNAMEDIA,DNAMEDIA IN Equity,DILIGENT MEDIA CORP LTD
DIXON,DIXON IN Equity,DIXON TECHNOLOGIES INDIA LTD
DLINKINDIA,DLINK IN Equity,D-LINK INDIA LTD
DOLPHINOFF,DOEI IN Equity,DOLPHIN OFFSHORE ENTERPRISES
DPWIRES,DPWIRES IN Equity,DP WIRES LTD
DQE,DQE IN Equity,DQ ENTERTAINMENT INTL LTD
LALPATHLAB,DLPL IN Equity,DR LAL PATHLABS LTD
DRREDDY,DRRD IN Equity,DR. REDDY'S LABORATORIES
DREDGECORP,DCIL IN Equity,DREDGING CORP OF INDIA LTD
DRSDILIP,DRSDILIP IN Equity,DRS DILIP ROADLINES LTD
DALALSTCOM,DLSC IN Equity,DSJ COMMUNICATIONS LTD
DUCON,DUCON IN Equity,DUCON INFRATECHNOLGIES LTD
DWARKESH,DSIL IN Equity,DWARIKESH SUGAR INDUS LTD
DSSL,DYCS IN Equity,DYNACONS SYSTEMS & SOLUTIONS
E2E,E2E IN Equity,E2E NETWORKS LTD
EDELWEISS,EDEL IN Equity,EDELWEISS FINANCIAL SERVICES
EIHAHOTELS,OAH IN Equity,EIH ASSOCIATED HOTELS
EIMCOELECO,EEI IN Equity,EIMCO ELECON INDIA LTD
ELECON,ELCN IN Equity,ELECON ENGINEERING CO LTD
ELECTHREM,ELT IN Equity,ELECTROTHERM INDIA LTD
EMBASSY,EMBASSY IN Equity,EMBASSY OFFICE PARKS REIT
EMKAY TAPS,EMKAY IN Equity,EMKAY GLOBAL FINANCIAL SERV
EMKAYTOOLS,EMKT IN Equity,EMKAY TAPS & CUTTING TOOLS L
ENERGYDEV,ENGY IN Equity,ENERGY DEVELOPMENT CO
ENTEGRA,EIL IN Equity,ENTEGRA LTD
ENIL,ENIL IN Equity,ENTERTAINMENT NETWORK INDIA
EQUITAS,EQUITAS IN Equity,EQUITAS HOLDINGS LTD/INDIA
EIFFL,EIFFL IN Equity,EURO INDIA FRESH FOODS LTD
EUROTEXIND,EIE IN Equity,EUROTEX INDS & EXPORTS LTD
EVEREADY,EVRIN IN Equity,EVEREADY INDUSTRIES INDIA
FARMAXIND,FARM IN Equity,FARMAX INDIA LTD
FEDDERELEC,FEDDERE IN Equity,FEDDERS ELECTRIC AND ENGINEE
FEDERALBNK,FB IN Equity,FEDERAL BANK LTD
FMGOETZE,FMGI IN Equity,FEDERAL-MOGUL GOETZE INDIA
FELIX,FELIX IN Equity,FELIX INDUSTRIES LTD
FACT,FCT IN Equity,FERTILISERS & CHEM TRAVANCR
FIRSTWIN,FWIL IN Equity,FIRST WINNER INDUSTRIES LTD
FIVECORE,FIVECORE IN Equity,FIVE CORE ELECTRONICS LTD
FLEXITUFF,FLEXI IN Equity,FLEXITUFF VENTURES INTERNATI
FOCUS,FOCUS IN Equity,FOCUS LIGHTING & FIXTURES LT
FOURTHDIM,FDSL IN Equity,FOURTH DIMENSION SOLUTIONS L
FLFL,FLFL IN Equity,FUTURE LIFESTYLE FASHIONS LT
FSC,FSCSL IN Equity,FUTURE SUPPLY CHAIN SOLUTION
GAIL,GAIL IN Equity,GAIL INDIA LTD
GAMMONIND,GMON IN Equity,GAMMON INDIA LTD
GAMMINFRA,GISP IN Equity,GAMMON INFRASTRUCTURE PROJEC
GANESHHOUC,GHFC IN Equity,GANESH HOUSING CORP LTD
GANGAFORGE,GANGAFOR IN Equity,GANGA FORGING LTD
GRSE,GRSE IN Equity,GARDEN REACH SHIPBUILDERS &
GEEKAYWIRE,GEEKAY IN Equity,GEEKAY WIRES LTD
GEMINI,GMCM IN Equity,GEMINI COMMUNICATIONS LTD
GICRE,GICRE IN Equity,GENERAL INS CORP OF INDIA
GENESYS,GENE IN Equity,GENESYS INTL CORP LTD
GENUSPAPER,GPBL IN Equity,GENUS PAPER & BOARD LTD
GENUSPOWER,GPIN IN Equity,GENUS POWER INFRASTRUCTURES
GEOJITFSL,GEOFSL IN Equity,GEOJIT FINANCIAL SERVICES LT
GEOMETRIC,GEO IN Equity,GEOMETRIC LTD
GILLANDERS,GILLA IN Equity,GILLANDERS ARBUTHNOT & CO
GIRRESORTS,GIR IN Equity,GIR NATURE VIEW RESORTS LTD
GIRIRAJ,GIRIRAJ IN Equity,GIRIRAJ CIVIL DEVELOPERS LTD
GITANJALI,GITG IN Equity,GITANJALI GEMS LTD
GSKCONS,SKB IN Equity,GLAXOSMITHKLINE CONSUMER HEA
GLAXO,GLXO IN Equity,GLAXOSMITHKLINE PHARMACEUTIC
GLOBAL,GLOBAL IN Equity,GLOBAL EDUCATION LTD
GICL,GICL IN Equity,GLOBE INTERNATIONAL CARRIERS
GLOBE,GLOBETX IN Equity,GLOBE TEXTILES INDIA LTD
GOCLCORP,GOCL IN Equity,GOCL CORP LTD
GODHA,GODHA IN Equity,GODHA CABON&INSULATION LTD
GOENKA,GDJ IN Equity,GOENKA DIAMOND & JEWELS LTD
GOKUL,GRSL IN Equity,GOKUL REFOILS & SOLVENT LTD
GOLDSTAR,GOLDSTAR IN Equity,GOLDSTAR POWER LTD
GPTINFRA,GPT IN Equity,GPT INFRAPROJETCS LTD
GRANDFONRY,GRF IN Equity,GRAND FOUNDRY LTD
GESHIP,GESCO IN Equity,GREAT EASTERN SHIPPING CO
GRETEX,GRETEX IN Equity,GRETEX INDUSTRIES LTD
GROBTEA,GROBTEA IN Equity,GROB TEA CO LTD/ THE
GUJALKALI,GALK IN Equity,GUJARAT ALKALIES & CHEMICALS
GUJAPOLLO,GAPI IN Equity,GUJARAT APOLLO INDUSTRIES LT
GIPCL,GIP IN Equity,GUJARAT INDS POWER CO LTD
GMDCLTD,GMDC IN Equity,GUJARAT MINERAL DEV CORP LTD
GNFC,GNFC IN Equity,GUJARAT NARMADA VALLEY FERT
GUJNRECOKE,GNC IN Equity,GUJARAT NRE COKE LTD
GUJRAFFIA,GRAF IN Equity,GUJARAT RAFFIA INDUSTRIES
GSFC,GSFC IN Equity,GUJARAT STATE FERT & CHEMICA
GULFOILLUB,GOLI IN Equity,GULF OIL LUBRICANTS INDIA LT
GVKPIL,GVKP IN Equity,GVK POWER & INFRASTRUCTURE
HANUNG,HTT IN Equity,HANUNG TOYS & TEXTILES LTD
HARRMALAYA,HRM IN Equity,HARRISONS MALAYALAM LTD
HATHWAY,HATH IN Equity,HATHWAY CABLE AND DATACOM
HDFCAMC,HDFCAMC IN Equity,HDFC ASSET MANAGEMENT CO LTD
HDFCLIFE,HDFCLIFE IN Equity,HDFC LIFE INSURANCE CO LTD
HCG,HCG IN Equity,HEALTHCARE GLOBAL ENTERPRISE
HECPROJECT,HECI IN Equity,HEC INFRA PROJECTS LTD
HGINFRA,HGINFRA IN Equity,HG INFRA ENGINEERING LTD
HFCL,HMFC IN Equity,HIMACHAL FUTURISTIC COMMUN
HSCL,HSCH IN Equity,HIMADRI SPECIALITY CHEMICAL
HINDCON,HINDCON IN Equity,HINDCON CHEMICALS LTD
HINDUJAFO,ENOR IN Equity,HINDUJA FOUNDRIES LTD
HCC,HCC IN Equity,HINDUSTAN CONSTRUCTION CO
HINDOILEXP,HOE IN Equity,HINDUSTAN OIL EXPLORATION CO
HINDPETRO,HPCL IN Equity,HINDUSTAN PETROLEUM CORP
HINDNATGLS,HNGI IN Equity,HINDUSTHAN NATL GLASS & INDU
HIRAFERRO,HFAL IN Equity,HIRA FERRO ALLOYS LTD
HITECHCORP,HTCORP IN Equity,HITECH CORP LTD
HITECHGEAR,HTG IN Equity,HI-TECH GEARS LTD/THE
HONDAPOWER,SHH IN Equity,HONDA SIEL POWER PRODUCTS
HONAUT,HWA IN Equity,HONEYWELL AUTOMATION INDIA
HOTELEELA,LELA IN Equity,HOTEL LEELAVENTURE LTD
HUDCO,HUDCO IN Equity,HOUSING & URBAN DEV CORP LTD
HDIL,HDIL IN Equity,HOUSING DEVELOPMENT & INFRAS
HDFC,HDFC IN Equity,HOUSING DEVELOPMENT FINANCE
HUSYSLTD,HUSCL IN Equity,HUSYS CONSULTING LTD
IGPL,IGPL IN Equity,I.G. PETROCHEMICALS LTD
ICDSLTD,ICDS IN Equity,ICDS LTD
ICEMAKE,ICEMAKE IN Equity,ICE MAKE REFRIGERATION LTD
ICICIGI,ICICIGI IN Equity,ICICI LOMBARD GENERAL INSURA
ICICIPRULI,IPRU IN Equity,ICICI PRUDENTIAL LIFE INSURA
ICSA,AURFI IN Equity,ICSA INDIA LTD
IVC,ILFS IN Equity,IL & FS INVESTMENT MANAGERS
ILFSENGG,IECC IN Equity,IL&FS ENGINEERING AND CONSTR
ILFSTRANS,ILFT IN Equity,IL&FS TRANSPORTATION NETWORK
INDSWFTLTD,INSW IN Equity,IND SWIFT LTD
INDBANK,IMBS IN Equity,INDBANK MERCHANT BANKING SER
INDIACEM,ICEM IN Equity,INDIA CEMENTS LTD
INDIGRID,INDIGRID IN Equity,INDIA GRID TRUST
IMPAL,IMPL IN Equity,INDIA MOTOR PARTS & ACCESSOR
ITDC,ITDC IN Equity,INDIA TOURISM DEVELOPMENT
IBULHSGFIN,IHFL IN Equity,INDIABULLS HOUSING FINANCE L
IBULISL,IBULISL IN Equity,INDIABULLS INTEGRATED SERVIC
INDIANCARD,ICC IN Equity,INDIAN CARD CLOTHING CO LTD
INDHOTEL,IH IN Equity,INDIAN HOTELS CO LTD
INDIANHUME,INHP IN Equity,INDIAN HUME PIPE CO LTD
IMFA,IMFA IN Equity,INDIAN METALS & FERRO ALLOY
IOC,IOCL IN Equity,INDIAN OIL CORP LTD
INDINFR,INDINFR IN Equity,INDINFRAVIT TRUST
INDORAMA,IRS IN Equity,INDO RAMA SYNTHETICS (I)
INDRAMEDCO,IPMC IN Equity,INDRAPRASTHA MEDICAL CORP LT
IITL,IIT IN Equity,INDUSTRIAL INVESTMENT TRUST
NAUKRI,INFOE IN Equity,INFO EDGE INDIA LTD
INFOBEAN,INBT IN Equity,INFOBEANS TECHNOLOGIES LTD
INFOMEDIA,INFL IN Equity,INFOMEDIA PRESS LTD
INGERRAND,INGR IN Equity,INGERSOLL-RAND INDIA LTD
INNOVANA,INNOVANA IN Equity,INNOVANA THINKLABS LTD
INNOVATIVE,INNOVAT IN Equity,INNOVATIVE TYRES & TUBES LTD
INSECTICID,INST IN Equity,INSECTICIDES INDIA LTD
INTEGRA,INTG IN Equity,INTEGRA GARMENTS AND TEXTILE
SUBCAPCITY,NSCC IN Equity,INTERNATIONAL CONSTRUCTIONS
INVENTURE,IGSL IN Equity,INVENTURE GROWTH & SECURITIE
THEINVEST,THEINVES IN Equity,INVESTMENT TRUST OF INDIA LT
IOLCP,ICP IN Equity,IOL CHEMICALS AND PHARMA LTD
IRB,IRB IN Equity,IRB INFRASTRUCTURE DEVELOPER
IRBINVIT,IRBINVIT IN Equity,IRB INVIT FUND
IRISDOREME,IRISDORE IN Equity,IRIS CLOTHINGS LTD
JBCHEPHARM,JBCP IN Equity,J.B. CHEMICALS & PHARMA LTD
JAGSNPHARM,JGPH IN Equity,JAGSONPAL PHARMACEUTICALS
JISLJALEQS,65033Q IN Equity,JAIN IRRIGATION SYSTEMS LTD.
JPPOWER,JPVL IN Equity,JAIPRAKASH POWER VENTURES LT
JAKHARIA,JAKHARIA IN Equity,JAKHARIA FABRIC PVT LTD
JALAN,JALTR IN Equity,JALAN TRANSOLUTIONS INDIA LT
J&KBANK,JKBK IN Equity,JAMMU & KASHMIR BANK LTD
JASH,JASH IN Equity,JASH ENGINEERING LTD
JAYAGROGN,JAO IN Equity,JAYANT AGRO-ORGANICS LTD
JAYSREETEA,JTI IN Equity,JAYSHREE TEA & INDUSTRIES
JETAIRWAYS,JETIN IN Equity,JET AIRWAYS INDIA LTD
JETFREIGHT,JETFRGHT IN Equity,JET FREIGHT LOGISTICS LTD
JETKNIT,JETKNIT IN Equity,JET KNITWEARS LTD
JHS,JHSL IN Equity,JHS SVENDGAARD LABORATORIES
JINDRILL,JDDL IN Equity,JINDAL DRILLING & INDUS LTD
JPOLYINVST,JPIF IN Equity,JINDAL POLY INVESTMENTS AND
JSLHISAR,JSHL IN Equity,JINDAL STAINLESS HISAR LTD
JMCPROJECT,JMCP IN Equity,JMC PROJECTS (INDIA) LTD
JCHAC,JCHAC IN Equity,JOHNSON CONTROLS HITACHI AIR
JMA,JMAD IN Equity,JULLUNDUR MOTOR AGENCY DELHI
JUPITER,JPO IN Equity,JUPITER BIOSCIENCE LTD
JYOTISTRUC,JYS IN Equity,JYOTI STRUCTURES LTD
KAWIRESIT,KAW IN Equity,KA WIRES LTD
KABRAEXTRU,KE IN Equity,KABRA EXTRUSIONS TECHNIK LTD
KAKATCEM,KCM IN Equity,KAKATIYA CEMENT SUGAR & IND
KALPATPOWR,KPP IN Equity,KALPATARU POWER TRANSMISSION
KICL,KALY IN Equity,KALYANI INVESTMENT CO LTD
KAMATHOTEL,KHI IN Equity,KAMAT HOTELS (INDIA)
KANORICHEM,KC IN Equity,KANORIA CHEMICALS & INDS
KAPSTON,KAPSTON IN Equity,KAPSTON FACILITIES MANAGEMEN
KTKBANK,KBL IN Equity,KARNATAKA BANK LTD
KAUSHALYA,KIDC IN Equity,KAUSHALYA INFRASTRUCTURE DEV
KSCL,KSCL IN Equity,KAVERI SEED CO LTD
KCPSUGIND,KCPS IN Equity,KCP SUGAR & INDUSTRIES CORP
KEERTI,KEERTI IN Equity,KEERTI KNOWLEDGE & SKILLS LT
KERNEX,KMSI IN Equity,KERNEX MICROSYSTEMS (I) LTD
KTIL,KTIL IN Equity,KESAR TERMINALS & INFRASTRUC
KEYFINSERV,KEYFINSE IN Equity,KEYNOTE FINANCIAL SERVICES L
KHAITANLTD,KIL IN Equity,KHAITAN INDIA LTD
KHFM,KHFM IN Equity,KHFM HOSPITALITY AND FACILIT
KINGFA,KINGFA IN Equity,KINGFA SCIENCE & TECHNOLOGY
KECL,KECL IN Equity,KIRLOSKAR ELECTRIC CO LTD
KITPLYIND,KIT IN Equity,KITPLY INDUSTRIES LTD
KKVAPOW,KKVAPOW IN Equity,KKV AGRO POWERS LTD
KMSUGAR,KMSM IN Equity,KM SUGAR MILLS LTD
KOLTEPATIL,KPDL IN Equity,KOLTE-PATIL DEVELOPERS LTD
KOTAKNIFTY,KONIFTY IN Equity,KOTAK NIFTY 50
KOTARISUG,KTSG IN Equity,KOTHARI SUGARS & CHEMICALS
KPRMILL,KPR IN Equity,KPR MILL LTD
KREBSBIO,KBC IN Equity,KREBS BIOCHEMICALS & INDUSTR
KRISHANA,KRISHANA IN Equity,KRISHANA PHOSCHEM LTD
KRITIKA,KRITIKA IN Equity,KRITIKA WIRES LTD
KSHITIJPOL,KSHITIJ IN Equity,KSHITIJ POLYLINE LTD
LGBBROSLTD,LGBB IN Equity,L.G. BALAKRISHNAN & BROS LTD
LAGNAM,LAGNAM IN Equity,LAGNAM SPINTEX LTD
LAKSHMIEFL,LKEF IN Equity,LAKSHMI ENERGY & FOODS LTD
LFIC,LKFIN IN Equity,LAKSHMI FINANCE & INDUSTRIAL
LAKPRE,LKPS IN Equity,LAKSHMI PRECISION SCREWS
LAMBODHARA,LTEX IN Equity,LAMBODHARA TEXTILE LTD
LITL,LANCI IN Equity,LANCO INFRATECH LTD
LPDC,LPROP IN Equity,LANDMARK PROPERTY DEV CO LTD
LATTEYS,LATTEYS IN Equity,LATTEYS INDUSTRIES LTD
LAXMICOT,LAXMI IN Equity,LAXMI COTSPIN LTD
LCCINFOTEC,ARHF IN Equity,LCC INFOTECH LTD
LEXUS,LEXUS IN Equity,LEXUS GRANITO INDIA LTD
LIBAS,LIBAS IN Equity,LIBAS DESIGNS LTD
LML,LML IN Equity,LML LTD
LOTUSEYE,LOTEYE IN Equity,LOTUS EYE HOSPITAL AND INSTI
MKPL,MKPL IN Equity,M K PROTEINS LTD
MMFL,MMFG IN Equity,M.M. FORGINGS LTD
MRO,MROL IN Equity,M.R. ORGANISATION LTD
MACPOWER,MACPOWER IN Equity,MACPOWER CNC MACHINES LTD
MCL,MACL IN Equity,MADHAV COPPER LTD
MADHAV,MGR IN Equity,MADHAV GRANITE & REALTY LTD
MBAPL,MBAP IN Equity,MADHYA BHARAT AGRO PRODUCTS
MPTODAY,MPTODAY IN Equity,MADHYA PRADESH TODAY MEDIA L
MAHAPEXLTD,MHAC IN Equity,MAHA RASHTRA APEX CORP
MAHASTEEL,MSIN IN Equity,MAHAMAYA STEEL INDUSTRIES
MTNL,MTNL IN Equity,MAHANAGAR TELEPHONE NIGAM
MAHICKRA,MAHICKRA IN Equity,MAHICKRA CHEMICALS LTD
M&MFIN,MMFS IN Equity,MAHINDRA & MAHINDRA FIN SECS
MHRIL,MHRL IN Equity,MAHINDRA HOLIDAYS & RESORTS
MAHLIFE,MLIFE IN Equity,MAHINDRA LIFESPACE DEVELOPER
MANAKALUCO,MAALM IN Equity,MANAKSIA ALUMINIUM CO LTD
MANAKCOAT,MACOM IN Equity,MANAKSIA COATED METALS & IND
MANAV,MANAV IN Equity,MANAV INFRA PROJECTS LTD
TMRVL,TMRVL IN Equity,MANDHANA RETAIL VENTURES LTD
MANGALAM,MDOL IN Equity,MANGALAM DRUGS AND ORGANICS
MANGCHEFER,MCF IN Equity,MANGALORE CHEMICALS & FERT
MRPL,MRPL IN Equity,MANGALORE REFINERY & PETRO
MARINE,MARINE IN Equity,MARINE ELECTRICALS INDIA LTD
MARSHALL,MARSHALL IN Equity,MARSHALL MACHINES LTD
MDL,MARDL IN Equity,MARVEL DECOR LTD
MAXINDIA,MAXI IN Equity,MAX INDIA LTD-NEW SPUN OFF
MAXVIL,MVIL IN Equity,MAX VENTURES &INDUSTRIES LTD
MBECL,MCNA IN Equity,MCNALLY BHARAT ENGINEERING
MELSTAR,MIT IN Equity,MELSTAR INFORMATION TECH LTD
MEP,MIDL IN Equity,MEP INFRASTRUCTURE DVLPRS LT
METKORE,MAIL IN Equity,METKORE ALLOYS&INDUSTRIES LT
MMNL,MMNL IN Equity,MIG MEDIA NEURONS LTD
MILTON,MILTON IN Equity,MILTON INDUSTRIES LTD
MINDACORP,MDA IN Equity,MINDA CORP LTD
MINDPOOL,MINDPOOL IN Equity,MINDPOOL TECHNOLOGIES LTD
MITCON,MCES IN Equity,MITCON CONSULTANCY & ENGINEE
MITTAL,MITTAL IN Equity,MITTAL LIFE STYLE LTD
MMP,MMP IN Equity,MMP INDUSTRIES LTD
MHHL,MOHHL IN Equity,MOHINI HEALTH & HYGIENE LTD
MOKSH,MOKSH IN Equity,MOKSH ORNAMENTS LTD
MOSERBAER,MBI IN Equity,MOSER BAER INDIA LTD
MOTILALOFS,MOFS IN Equity,MOTILAL OSWAL FINANCIAL SERV
M100,MOST100 IN Equity,MOTILAL OSWAL MIDCAP 100
M50,MOSTM50 IN Equity,MOTILAL OSWAL MOST SHARES 50
N100,MOSTNDX IN Equity,MOTILAL OSWAL MOST-NASDA-100
MOTOGENFIN,MGF IN Equity,MOTOR & GENERAL FINANCE LTD
MCX,MCX IN Equity,MULTI COMMODITY EXCH INDIA
MURUDCERA,MCER IN Equity,MURUDESHWAR CERAMICS LTD.
NRAIL,NRA IN Equity,N.R. AGARWAL INDUSTRIES LTD
NAGAFERT,NAGARFER IN Equity,NAGARJUNA FERTILIZERS & CHEM
NAGREEKCAP,NCIL IN Equity,NAGREEKA CAPITAL & INFRASTRU
NAHARCAP,NCFS IN Equity,NAHAR CAPITAL AND FIN SVCS
NAHARINDUS,OWF IN Equity,NAHAR INDUSTRIAL ENTERPRISES
NAKODA,NTI IN Equity,NAKODA LTD
NANDANI,NANDANI IN Equity,NANDANI CREATION LTD
NH,NARH IN Equity,NARAYANA HRUDAYALAYA LTD
NARMADA,NARMADA IN Equity,NARMADA AGROBASE LTD
NATHBIOGEN,NBGL IN Equity,NATH BIO-GENES INDIA LTD
NATIONALUM,NACL IN Equity,NATIONAL ALUMINIUM CO LTD
NATNLSTEEL,NTSI IN Equity,NATIONAL STEEL & AGRO INDUST
NAVINFLUOR,NFIL IN Equity,NAVIN FLUORINE INTERNATIONAL
NAVKARCORP,NACO IN Equity,NAVKAR CORP LTD
NBCC,NBCC IN Equity,NBCC INDIA LTD
NBIFIN,NBI IN Equity,NBI INDUSTRIAL FINANCE CO LT
NETWORK18,NETM IN Equity,NETWORK 18 MEDIA & INVTS LTD
NIACL,NIACL IN Equity,NEW INDIA ASSURANCE CO LTD/T
NEWGEN,NEWGEN IN Equity,NEWGEN SOFTWARE TECHNOLOGIES
NICCO,NICC IN Equity,NICCO CORP LTD
NILAINFRA,NLHI IN Equity,NILA INFRASTRUCTURE LTD
NITINFIRE,NFPI IN Equity,NITIN FIRE PROTECTION INDS
NITIRAJ,NITIRAJ IN Equity,NITIRAJ ENGINEERS LTD
NIVINFRA,NITS IN Equity,NIVYAH INFRASTRUCTURE & TELE
NOESISIND,NOEI IN Equity,NOESIS INDUSTRIES LTD
NOIDATOLL,NTB IN Equity,NOIDA TOLL BRIDGE CO LTD
NORBTEAEXP,NTX IN Equity,NORBEN TEA & EXPORTS
NECCLTD,NECCLT IN Equity,NORTH EASTERN CARRYING CORP
NRBBEARING,NRBBR IN Equity,NRB BEARINGS LTD
NUTEK,NTKL IN Equity,NU TEK INDIA LTD
ONGC,ONGC IN Equity,OIL & NATURAL GAS CORP LTD
OMFURN,OMFURN IN Equity,OMFURN INDIA LTD
OMKARCHEM,OSCL IN Equity,OMKAR SPECIALITY CHEMICALS L
OPAL,OPAL IN Equity,OPAL LUXURY TIME PRODUCTS LT
OPTOCIRCUI,OPTC IN Equity,OPTO CIRCUITS INDIA LTD
OFSS,OFSS IN Equity,ORACLE FINANCIAL SERVICES
GREENPOWER,OGPL IN Equity,ORIENT GREEN POWER CO LTD
ORIENTPPR,OPI IN Equity,ORIENT PAPER & INDUSTRIES
OCCL,OTCC IN Equity,ORIENTAL CARBON & CHEMICALS
ORISSAMINE,OMDC IN Equity,ORISSA MINERALS DEVELOPMENT
OSIAHYPER,OSIAHYPE IN Equity,OSIA HYPER RETAIL LTD
PANACHE,PDIGI IN Equity,PANACHE DIGILIFE LTD
PANORAMUNI,PRU IN Equity,PANORAMIC UNIVERSAL LTD
PANSARI,PNDL IN Equity,PANSARI DEVELOPERS LTD
PAR,PARDC IN Equity,PAR DRUGS AND CHEMICALS LTD
PARACABLES,PRMC IN Equity,PARAMOUNT COMMUNICATION LTD
PARASPETRO,PRPT IN Equity,PARAS PETROFILS LTD
PDPL,PDI IN Equity,PARENTERAL DRUGS INDIA LTD
PARIN,PARIN IN Equity,PARIN FURNITURE LTD
PASHUPATI,PASHCL IN Equity,PASHUPATI COTSPIN LTD
PATINTLOG,PTIL IN Equity,PATEL INTERGRATED LOGISTICS
PBAINFRA,PBAI IN Equity,PBA INFRASTRUCTURE LTD
PDSMFL,PMFL IN Equity,PDS MULTINATIONAL FASHIONS L
PENPEBS,PEBS IN Equity,PENNAR ENGINEERED BUILDING S
PENTAGOLD,PENTA IN Equity,PENTA GOLD LTD
PERFECT,PERI IN Equity,PERFECT INFRAENGINEERS LTD
PKTEA,PKTP IN Equity,PERIA KARAMALAI TEA & PRODUC
PETRONENGG,PTEC IN Equity,PETRON ENGINEERING CONST LTD
PHOENIXLTD,PHNX IN Equity,PHOENIX MILLS LTD
PILANIINVS,PIICL IN Equity,PILANI INVESTMENTS&INDUSTRIE
PINCON,PINS IN Equity,PINCON SPIRIT LTD
POCHIRAJU,PJUI IN Equity,POCHIRAJU INDUSTRIES LTD
PODDARHOUS,PODDAR IN Equity,PODDAR HOUSING AND DEVELOPME
PONDYOXIDE,POCL IN Equity,PONDY OXIDES & CHEMICAL LTD
PONNIERODE,PSER IN Equity,PONNI SUGARS ERODE LTD
PIGL,PIGL IN Equity,POWER & INSTRUMENTATION GUJA
PFC,POWF IN Equity,POWER FINANCE CORPORATION
POWERGRID,PWGR IN Equity,POWER GRID CORP OF INDIA LTD
POWERFUL,POWERFUL IN Equity,POWERFUL TECHNOLOGIES LTD
PRAENG,PES IN Equity,PRAJAY ENGINEERS SYNDICATE
PRATIBHA,PRIL IN Equity,PRATIBHA INDUSTRIES LTD
PRESTIGE,PEPL IN Equity,PRESTIGE ESTATES PROJECTS
PRITI,PRITII IN Equity,PRITI INTERNATIONAL LTD
PNC,PRTN IN Equity,PRITISH NANDY COMMUNICATIONS
PGHH,PG IN Equity,PROCTER & GAMBLE HYGIENE
PROLIFE,PROLIFE IN Equity,PROLIFE INDUSTRIES LTD
PULZ,PULZ IN Equity,PULZ ELECTRONICS LTD
PUNJABCHEM,PCCP IN Equity,PUNJAB CHEMICALS & CROP PROT
PUSHPREALM,PUSHP IN Equity,PUSHPANJALI REALMS & INFRATE
PVP,PVPV IN Equity,PVP VENTURES LTD
QGOLDHALF,QTGOLD IN Equity,QUANTUM GOLD FUND
RSSOFTWARE,RSST IN Equity,R.S. SOFTWARE (INDIA)
RAJOIL,RJOIL IN Equity,RAJ OIL MILLS LTD
RAJMET,RAJMET IN Equity,RAJNANDINI METAL LTD
RPPL,RAJPPL IN Equity,RAJSHREE POLYPACK LTD
RAJSREESUG,RSSC IN Equity,RAJSHREE SUGARS & CHEMICALS
RAMCOCEM,TRCL IN Equity,RAMCO CEMENTS LTD/THE
RAMSARUP,RAMI IN Equity,RAMSARUP INDUSTRIES LTD
RANEENGINE,RVL IN Equity,RANE ENGINE VALVES LTD
RML,RML IN Equity,RANE MADRAS LTD
RCF,RCF IN Equity,RASHTRIYA CHEMICALS & FERT
RASOYPR,RPRO IN Equity,RASOYA PROTEINS LTD
RTNINFRA,RATI IN Equity,RATTANINDIA INFRASTRUCTURE L
REDINGTON,REDI IN Equity,REDINGTON INDIA LTD
RELIABLE,RELIABLE IN Equity,RELIABLE DATA SERVICES LTD
RIIL,RIIL IN Equity,RELIANCE INDUS INFRASTRUCT
RNAVAL,RNAVAL IN Equity,RELIANCE NAVAL AND ENGINEERI
RNAM,RNAM IN Equity,RELIANCE NIPPON LIFE ASSET M
RMMIL,RMML IN Equity,RESURGERE MINES & MINERALS
RKEC,RKEC IN Equity,RKEC PROJECTS LTD
RMDRIP,RMDRIP IN Equity,RM DRIP AND SPRINKLERS SYS L
ROHITFERRO,ROFT IN Equity,ROHIT FERRO TECH LTD
RUBYMILLS,RUBY IN Equity,RUBY MILLS LTD/THE
REPL,RENPL IN Equity,RUDRABHISHEK ENTERPRISES LTD
SCHAND,SCHAND IN Equity,S CHAND AND CO LTD
S&SPOWER,SSPS IN Equity,S&S POWER SWITCHGEAR LTD
SKUMARSYNF,SKNL IN Equity,S. KUMARS NATIONWIDE LTD
SABEVENTS,SABEG IN Equity,SAB EVENTS & GOVERNANCE NOW
SADBHIN,SINP IN Equity,SADBHAV INFRASTRUCTURE PROJE
SAKETH,SAKETH IN Equity,SAKETH EXIM LTD
SAKTHIFIN,SKTF IN Equity,SAKTHI FINANCE LTD
SALSTEEL,SALS IN Equity,SAL STEEL LTD
SALASAR,SALASAR IN Equity,SALASAR TECHNO ENGINEERING L
SANDESH,SDSH IN Equity,SANDESH LTD
SANGHVIFOR,SFEL IN Equity,SANGHVI FORGING & ENGINEERIN
SANGINITA,SANGIN IN Equity,SANGINITA CHEMICALS LTD
SARVESHWAR,SARVESH IN Equity,SARVESHWAR FOODS LTD
SBILIFE,SBILIFE IN Equity,SBI LIFE INSURANCE CO LTD
SCHNEIDER,SCHN IN Equity,SCHNEIDER ELECTRIC INFRASTRU
SEPOWER,SEPL IN Equity,SE POWER LTD
SECURCRED,SECUR IN Equity,SECUR CREDENTIALS LTD
SIS,SECIS IN Equity,SECURITY AND INTELLIGENCE SE
SELMCL,SELM IN Equity,SEL MANUFACTURING CO. LTD.
SELAN,SXT IN Equity,SELAN EXPLORATION TECHNOLOGY
SERVALL,SLPL IN Equity,SERVALAKSHMI PAPER LTD
SERVOTECH,SERVOTEC IN Equity,SERVOTECH POWER SYSTEMS LTD
SESHAPAPER,SPB IN Equity,SESHASAYEE PAPER & BOARDS
SEZAL,SZGL IN Equity,SEZAL GLASS LTD
SHK,SHKL IN Equity,SH KELKAR & CO LTD
SHAIVAL,SHRL IN Equity,SHAIVAL REALITY LTD
SHANKARA,SHANKARA IN Equity,SHANKARA BUILDING PRODUCTS L
SHANTI,SHANTI IN Equity,SHANTI OVERSEAS INDIA LTD
SHARONBIO,SBML IN Equity,SHARON BIO-MEDICINE LTD
SHILPI,SCTL IN Equity,SHILPI CABLE TECHNOLOGIES LT
SCI,SCI IN Equity,SHIPPING CORP OF INDIA LTD
SHRADHA,SHRADHA IN Equity,SHRADHA INFRAPROJECTS LTD
SGFL,SGFO IN Equity,SHREE GANESH FORGINGS LTD
SHREEPUSHK,PCFL IN Equity,SHREE PUSHKAR CHEMICALS & FE
SRPL,SHRPL IN Equity,SHREE RAM PROTEINS LTD
TIRUPATI,TIRUPATI IN Equity,SHREE TIRUPATI BALAJEE FIBC
SVLL,SVLL IN Equity,SHREE VASU LOGISTICS LTD
OSWALSEEDS,OSWALSEE IN Equity,SHREEOSWAL SEEDS AND CHEMICA
SHRENIK,SHRENIK IN Equity,SHRENIK LTD
SHREYAS,SRYS IN Equity,SHREYAS SHIPPING & LOGISTICS
ASTERSILI,ASTER IN Equity,SHRI ASTER SILICATES LTD
SHLAKSHMI,SLCL IN Equity,SHRI LAKSHMI COTSYN LTD
SRIRAM,SRIRAM IN Equity,SHRI RAM SWITCHGEARS LTD
SHRIRAMCIT,SCUF IN Equity,SHRIRAM CITY UNION FINANCE
SRTRANSFIN,SHTF IN Equity,SHRIRAM TRANSPORT FINANCE
SHUBHLAXMI,SHUBHLXM IN Equity,SHUBHLAXMI JEWEL ART LTD
SIKKO,SIKKO IN Equity,SIKKO INDUSTRIES LTD
SILGO,SILGO IN Equity,SILGO RETAIL LTD
SILLYMONKS,SILLYMON IN Equity,SILLY MONKS ENTERTAINMENT LT
SILVERTUC,SILVERTU IN Equity,SILVER TOUCH TECHNOLOGIES LT
SIMBHALS,SIMS IN Equity,SIMBHAOLI SUGARS LTD-NEW
SIMPLEX,SIMP IN Equity,SIMPLEX PROJECTS LTD
SINTERCOM,SINTER IN Equity,SINTERCOM INDIA LTD
SPTL,SINTEX IN Equity,SINTEX PLASTICS TECHNOLOGY L
SIRCA,SIRCA IN Equity,SIRCA PAINTS INDIA LTD
SKMEGGPROD,SKMEX IN Equity,SKM EGG PRODUCTS EXPORT LTD
SKSTEXTILE,SKSTEX IN Equity,SKS TEXTILES LTD
SMVD,SMVD IN Equity,SMVD POLY PACK LTD
SOFTTECH,SOFTTECH IN Equity,SOFTTECH ENGINEERS LTD
SOLARA,SOLARA IN Equity,SOLARA ACTIVE PHARMA SCIENCE
SOLEX,SOLEX IN Equity,SOLEX ENERGY LTD
SDBL,SDB IN Equity,SOM DISTILLERIES & BREWERIES
SOMTEX,STI IN Equity,SOMA TEXTILES & INDUSTRIES
SONAMCLOCK,SONAM IN Equity,SONAM CLOCK LTD
SONISOYA,SONISOYA IN Equity,SONI SOYA PRODUCTS LTD
SOUTHBANK,SIB IN Equity,SOUTH INDIAN BANK LTD
SOUTHWEST,SOUTHWES IN Equity,SOUTH WEST PINNACLE EXPLORAT
SPIC,SPET IN Equity,SOUTHERN PETROCHEMICAL INDS
SPAL,SPAL IN Equity,SP APPARELS LTD
SPCENET,SPCENET IN Equity,SPACENET ENTERPRISES INDIA L
SPECTRUM,SPECTRUM IN Equity,SPECTRUM ELECTRICAL INDUSTRI
SRHHYPOLTD,SRAY IN Equity,SREE RAYALASEEMA HI-STRENGTH
SREINFRA,SREI IN Equity,SREI INFRASTRUCTURE FINANCE
SABTN,SABTN IN Equity,SRI ADHIKARI BROS TELE NTWRK
HAVISHA,HAVISHA IN Equity,SRI HAVISHA HOSPITALITY & IN
SSINFRA,SSINFRA IN Equity,SS INFRASTRUCTURE DVLPT CON
STAN,STAN IN Equity,STANDARD CHARTER-INDIAN DR
STCINDIA,STC IN Equity,STATE TRADING CORP OF INDIA
SAIL,SAIL IN Equity,STEEL AUTHORITY OF INDIA
STEELCITY,SCSE IN Equity,STEEL CITY SECURITIES LTD
STERLINBIO,SLT IN Equity,STERLING BIOTECH LTD
SUDARSCHEM,SCHI IN Equity,SUDARSHAN CHEMICAL INDS LTD
SUJANAUNI,SJU IN Equity,SUJANA UNIVERSAL INDUSTRIES
SUMIT,SUMIT IN Equity,SUMIT WOODS LTD
SPARC,SPADV IN Equity,SUN PHARMA ADVANCED RESEARCH
SUNPHARMA,SUNP IN Equity,SUN PHARMACEUTICAL INDUS
SUNDARMHLD,SFHL IN Equity,SUNDARAM FINANCE HOLDINGS LT
SUNFLAG,SUNF IN Equity,SUNFLAG IRON & STEEL CO LTD
SUPERSPIN,SSPM IN Equity,SUPER SPINNING MILLS
SUPREMEENG,SUPREME IN Equity,SUPREME ENGINEERING LTD
SIIL,SUIN IN Equity,SUPREME INDIA IMPEX LTD
SUPREMEINF,SPII IN Equity,SUPREME INFRASTRUCTURE INDIA
SUPREMETEX,SUTM IN Equity,SUPREME TEX MART LTD
SURANACORP,SURC IN Equity,SURANA CORP LTD
SURANAIND,SURI IN Equity,SURANA INDUSTRIES LTD
SURANAT&P,SRTL IN Equity,SURANA TELECOM & POWER LTD
SURANI,SURANI IN Equity,SURANI STEEL TUBES LTD
SUREVIN,SUREVIN IN Equity,SUREVIN BPO SERVICES LTD
SURYALAXMI,SLCM IN Equity,SURYALAKSHMI COTTON MILLS
SUTLEJTEX,SUTJ IN Equity,SUTLEJ TEXTILES AND INDUSTRI
SUULD,SUULD IN Equity,SUUMAYA LIFESTYLE LTD
TAINWALCHM,TCP IN Equity,TAINWALA CHEMICALS & PLAST
TALBROAUTO,TALB IN Equity,TALBROS AUTOMOTIVE COMPON
TALWALKARS,TALW IN Equity,TALWALKARS BETTER VALUE FIT
TNPL,TNNP IN Equity,TAMIL NADU NEWSPRINT & PAPER
TNTELE,TNT IN Equity,TAMILNADU TELECOMMUN LTD
TANTIACONS,TANC IN Equity,TANTIA CONSTRUCTION LTD
TARACHAND,TARACHAN IN Equity,TARA CHAND LOGISTIC SOLUTION
TCS,TCS IN Equity,TATA CONSULTANCY SVCS LTD
TATAINVEST,TICL IN Equity,TATA INVESTMENT CORP LTD
TATAPOWER,TPWR IN Equity,TATA POWER CO LTD
TTML,TTLS IN Equity,TATA TELESERVICES MAHARASHTR
TCNSBRANDS,TCNSBR IN Equity,TCNS CLOTHING CO LTD
TECHNOE,TECHNOE IN Equity,TECHNO ELECTRIC & ENGINEERIN
TIIL,TIIL IN Equity,TECHNOCRAFT INDUSTRIES INDIA
TECILCHEM,TECI IN Equity,TECIL CHEMICALS & HYDRO POWE
TEXINFRA,TXM IN Equity,TEXMACO INFRASTRUCTURE & HOL
TEXRAIL,TXMRE IN Equity,TEXMACO RAIL & ENGINEERING L
THANGAMAYL,TJL IN Equity,THANGA MAYIL JEWELLERY LTD
THEJO,THEL IN Equity,THEJO ENGINEERING LTD
THOMASCOOK,TC IN Equity,THOMAS COOK (INDIA) LTD
THOMASCOTT,THOM IN Equity,THOMAS SCOTT INDIA LTD
TIDEWATER,TWO IN Equity,TIDE WATER OIL CO INDIA LTD
TINPLATE,TPC IN Equity,TINPLATE CO OF INDIA LTD
TIRUPATIFL,TIRUPIFL IN Equity,TIRUPATI FORGE LTD
TITAN,TTAN IN Equity,TITAN CO LTD
TODAYS,TWPL IN Equity,TODAY'S WRITING INSTRUMENTS
TOKYOPLAST,TPIT IN Equity,TOKYO PLAST INTERNATIONAL
TOTAL,TOTAL IN Equity,TOTAL TRANSPORT SYSTEMS LTD
TOUCHWOOD,TOUCHWD IN Equity,TOUCHWOOD ENTERTAINMENT LTD
TFCILTD,TFCI IN Equity,TOURISM FINANCE CORP INDIA
TRIL,TRIL IN Equity,TRANSFORMERS & RECTIFIERS IN
TCI,TRPC IN Equity,TRANSPORT CORP OF INDIA LTD
TRANSWIND,TRWND IN Equity,TRANSWIND INFRASTRUCTURES LT
TREADS,TREAD IN Equity,TREADSDIRECT LTD
TREEHOUSE,THEAL IN Equity,TREE HOUSE EDUCATION AND ACC
TBZ,TBZL IN Equity,TRIBHOVANDAS BHIMJI ZAVERI L
TRIVENI,TRE IN Equity,TRIVENI ENGINEERING & INDUS
TTL,TTXK IN Equity,TT LTD
TIINDIA,TIINDIA IN Equity,TUBE INVESTMENTS OF INDIA LT
TULSI,TULS IN Equity,TULSI EXTRUSIONS LTD
TVSMOTOR,TVSL IN Equity,TVS MOTOR CO LTD
21STCENMGM,TWCMS IN Equity,TWENTYFIRST CENTURY MANAGEMT
UGARSUGAR,UGSW IN Equity,UGAR SUGAR WORKS LTD
UJJIVAN,UJJIVAN IN Equity,UJJIVAN FINANCIAL SERVICES L
UWCSL,UWCSL IN Equity,ULTRA WIRING CONNECTIVITY SY
UNIIFO,UNIINFO IN Equity,UNIINFO TELECOM SERVICES LTD
UNITEDTEA,UNTEA IN Equity,UNITED NILGIRI TEA ESTATES
UNITEDPOLY,UPGL IN Equity,UNITED POLYFAB GUJARAT LTD
UNIVASTU,UNIVASTU IN Equity,UNIVASTU INDIA LTD
URAVI,URAVI IN Equity,URAVI T AND WEDGE LAMPS LTD
UCL,USHCL IN Equity,USHANTI COLOUR CHEM LTD
USHERAGRO,UAL IN Equity,USHER AGRO LTD
GOLDSHARE,UTIGOL IN Equity,UTI GOLD EXCHANGE TRADED FND
VIPIND,VIP IN Equity,V.I.P. INDUSTRIES LTD
VSCL,VSCHL IN Equity,VADIVARHE SPECIALITY CHEMICA
VAISHALI,VAISHALI IN Equity,VAISHALI PHARMA LTD
VALECHAENG,VLCE IN Equity,VALECHA ENGINEERING LTD
VALUEIND,VALI IN Equity,VALUE INDUSTRIES LIMIITED
VASA,VASA IN Equity,VASA RETAIL & OVERSEAS LTD
VERA,VERASL IN Equity,VERA SYNTHETIC LTD
VERTOZ,VERTOZ IN Equity,VERTOZ ADVERTISING LTD
VETO,VSCL IN Equity,VETO SWITCHGEARS AND CABLES
VIDHIING,VSFI IN Equity,VIDHI SPECIALTY FOOD INGREDI
VIJSHAN,VSB IN Equity,VIJAY SHANTHI BUILDERS LTD
VINNY,VINNY IN Equity,VINNY OVERSEAS LTD
VISUINTL,VIL IN Equity,VISU INTERNATIONAL LTD
VMART,VMART IN Equity,VMART RETAIL LTD
VSTTILLERS,VSTT IN Equity,VST TILLERS TRACTORS LTD
WSI,WSI IN Equity,W S INDUSTRIES INDIA LTD
WALCHANNAG,WI IN Equity,WALCHANDNAGAR INDUSTRIES
WEALTH,WEALTH IN Equity,WEALTH FIRST PORTFOLIO MANAG
WELENT,WEL IN Equity,WELSPUN ENTERPRISES LTD/NEW
WELINV,WICL IN Equity,WELSPUN INVESTMENT & COMMERC
WENDT,WNDT IN Equity,WENDT INDIA LTD
WIPL,WIPL IN Equity,WESTERN INDIA PLYWOODS LTD
WILLAMAGOR,WMC IN Equity,WILLIAMSON MAGOR & CO LTD
WORTH,WORTH IN Equity,WORTH PERIPHERALS LTD
XELPMOC,XELP IN Equity,XELPMOC DESIGN & TECH LTD
ZEEL,Z IN Equity,ZEE ENTERTAINMENT ENTERPRISE
ZENITHBIR,ZB IN Equity,ZENITH BIRLA INDIA LTD
ZICOM,ZSS IN Equity,ZICOM ELECTRONIC SECURITY
ZODIACLOTH,ZDC IN Equity,ZODIAC CLOTHING COMPANY
ZODIAC,ZODIAC IN Equity,ZODIAC ENERGY LTD
ZODJRDMKJ,ZJM IN Equity,ZODIAC-JRD-MKJ LTD
ZOTA,ZOTA IN Equity,ZOTA HEALTH CARE LTD
ZYLOG,ZSL IN Equity,ZYLOG SYSTEMS LTD
