Symbol,Tick,Company
20MICRONS,20ML IS,20 MICRONS LTD
3IINFOTECH,III IS,3I INFOTECH LTD
3MINDIA,3M IS,3M INDIA LTD
3PLAND,3PLAND IS,3P LAND HOLDINGS LTD
5PAISA,5PAISA IS,5PAISA CAPITAL LTD
63MOONS,63MOONS IS,63 MOONS TECHNOLOGIES LTD
8KMILES,KMSS IS,8K MILES SOFTWARE SERVICES LTD
A2ZINFRA,A2ZL IS,A2Z INFRA ENGINEERING LTD
AARTIDRUGS,ARTD IS,AARTI DRUGS LTD
AARTIIND,ARTO IS,AARTI INDUSTRIES LTD
AARVEEDEN,ARV IS,AARVEE DENIMS & EXPORTS LTD
AAVAS,AAVAS IS,AAVAS FINANCIERS LTD
ABAN,ABAN IS,ABAN OFFSHORE LTD
ABB,ABB IS,ABB INDIA LTD
ABBOTINDIA,BOOT IS,ABBOTT INDIA LTD
ABMINTLTD,ABMINTL IS,ABM INTERNATIONAL LTD
ACC,ACC IS,ACC LTD
ACCELYA,ACCELYA IS,ACCELYA SOLUTIONS INDIA LTD
ACE,ACCE IS,Action Construction Equipment Ltd
ADANIENT,ADE IS,ADANI ENTERPRISES LTD
ADANIGAS,ADGAS IS,ADANI GAS LTD
ADANIGREEN,ADANIGR IS,ADANI GREEN ENERGY LTD
ADANIPORTS,ADSEZ IS,Adani Ports and Special Economic Zone LTD
ADANIPOWER,ADANI IS,ADANI POWER LTD
ADANITRANS,ADANIT IS,ADANI TRANSMISSION LTD
ADFFOODS,ADFL IS,ADF FOODS LTD
ADHUNIKIND,ADIL IS,ADHUNIK INDUSTRIES LTD
ADHUNIK,ADML IS,ADHUNIK METALIKS LTD
ABCAPITAL,ABCAP IS,ADITYA BIRLA CAPITAL LTD
ABFRL,ABFRL IS,Aditya Birla Fashion and Retail LTD
BIRLAMONEY,ABML IS,ADITYA BIRLA MONEY LTD
ADLABS,ADLB IS,ADLABS ENTERTAINMENT LTD
ADORWELD,AWL IS,ADOR WELDING LTD
ADROITINFO,ADROIT IS,ADROIT INFOTECH LTD
ADVENZYMES,ADVENZY IS,Advanced Enzyme Technologies LTD
ADVANIHOTR,RMDA IS,Advani Hotels & Resorts (India) LTD
AEGISCHEM,AGIS IS,AEGIS LOGISTICS LTD
AGARIND,AGAR IS,Agarwal Industrial Corporation LTD
AGCNET,AGC IS,AGC NETWORKS LTD
AGRITECH,AGTI IS,Agri-Tech (India) LTD
AGROPHOS,AGROPHOS IS,AGRO PHOS INDIA LTD
ATFL,ATFL IS,AGRO TECH FOODS LTD
AHLUCONT,AHLU IS,Ahluwalia Contracts (India) LTD
AIAENG,AIAE IS,AIA ENGINEERING LTD
AIRAN,AIRAN IS,AIRAN LTD
AJANTPHARM,AJP IS,AJANTA PHARMA LTD
AJMERA,AREAL IS,Ajmera Realty & Infra India LTD
AKSHOPTFBR,AKOP IS,AKSH OPTIFIBRE LTD
AKSHARCHEM,ADCH IS,AKSHARCHEM INDIA LTD
AKZOINDIA,AKZO IS,AKZO NOBEL INDIA LTD
ALANKIT,ALAN IS,ALANKIT LTD
ALBERTDAVD,ALBRT IS,ALBERT DAVID LTD
ALCHEM,ACH IS,ALCHEMIST LTD
ALEMBICLTD,ALBC IS,ALEMBIC LTD
APLLTD,ALPM IS,ALEMBIC PHARMACEUTICALS LTD
ALICON,ALIC IS,ALICON CASTALLOY LTD
ALKALI,ALKL IS,ALKALI METALS LTD
ALKEM,ALKEM IS,ALKEM LABORATORIES LTD
ALKYLAMINE,AACL IS,ALKYL AMINES CHEMICALS LTD
ALBK,ALBK IS,ALLAHABAD BANK
ALLCARGO,AGLL IS,ALLCARGO LOGISTICS LTD
ADSL,ALDS IS,ALLIED DIGITAL SERVICES LTD
ALLSEC,ALLT IS,ALLSEC TECHNOLOGIES LTD
ALOKTEXT,ALOK IS,ALOK INDUSTRIES LTD
ALPA,ALPA IS,ALPA LABORATORIES LTD
ALPHAGEO,APH IS,ALPHAGEO (INDIA) LTD
ALPSINDUS,ALPI IS,ALPS INDUSTRIES LTD
AMARAJABAT,AMRJ IS,AMARA RAJA BATTERIES LTD
AMBER,AMBER IS,AMBER ENTERPRISES INDIA LTD
AMBIKCO,ACML IS,AMBIKA COTTON MILLS LTD
AMBUJACEM,ACEM IS,AMBUJA CEMENTS LTD
AMDIND,AMDM IS,AMD INDUSTRIES LTD
AMJLAND,AMJLAND IS,AMJ LAND HOLDINGS LTD
AMRUTANJAN,ARJN IS,AMRUTANJAN HEALTH CARE LTD
ANANTRAJ,1650316D IS,Anant Raj LTD
ANDHRABANK,ANDB IS,ANDHRA BANK
ANDHRACEMT,ANDC IS,ANDHRA CEMENTS LTD
ANIKINDS,ANIK IS,ANIK INDUSTRIES LTD
APCL,SHZC IS,ANJANI PORTLAND CEMENT LTD
ANKITMETAL,ANMP IS,ANKIT METAL & POWER LTD
ANSALHSG,ANSALHSG IS,ANSAL HOUSING LTD
ANSALAPI,APIL IS,Ansal Properties & Infrastructure LTD
ANTGRAPHIC,ATRG IS,ANTARCTICA LTD
APARINDS,APR IS,APAR INDUSTRIES LTD
APCOTEXIND,APCO IS,APCOTEX INDUSTRIES LTD
APEX,APEX IS,APEX FROZEN FOODS LTD
APLAPOLLO,APAT IS,APL APOLLO TUBES LTD
APOLLO,APOLLO IS,APOLLO MICRO SYSTEMS LTD
APOLSINHOT,APOL IS,APOLLO SINDOORI HOTELS LTD
APOLLOTYRE,APTY IS,APOLLO TYRES LTD
APTECHT,APTR IS,APTECH LTD
ARCHIDPLY,APLY IS,ARCHIDPLY INDUSTRIES LTD
ARCHIES,AGG IS,ARCHIES LTD
ARCOTECH,ATECH IS,ARCOTECH LTD
ARIES,ARIE IS,ARIES AGRO LTD
ARIHANTSUP,ARSU IS,ARIHANT SUPERSTRUCTURES LTD
ARMANFIN,ARLF IS,ARMAN FINANCIAL SERVICES LTD
AROGRANITE,AGI IS,ARO GRANITE INDUSTRIES LTD
ARROWGREEN,ARGL IS,ARROW GREENTECH LTD
ARROWTEX,ATEX IS,ARROW TEXTILES LTD
ARSHIYA,ARSL IS,ARSHIYA LTD
ARVINDFASN,ARVINDFA IS,ARVIND FASHIONS LTD
ARVIND,ARVND IS,ARVIND LTD
ARVSMART,ARIL IS,ARVIND SMARTSPACES LTD
ASAHIINDIA,AISG IS,ASAHI INDIA GLASS LTD
ASAHISONG,ASAH IS,ASAHI SONGWON COLORS LTD
ASHAPURMIN,ASMN IS,ASHAPURA MINECHEM LTD
ASHIANA,ASFI IS,ASHIANA HOUSING LTD
ASHIMASYN,ASHM IS,ASHIMA LTD
ASHOKLEY,AL IS,ASHOK LEYLAND LTD
ASHOKA,ASBL IS,ASHOKA BUILDCON LTD
ASIANTILES,ASIAN IS,ASIAN GRANITO INDIA LTD
ASIANPAINT,APNT IS,ASIAN PAINTS LTD
ASTEC,ASTEL IS,ASTEC LIFESCIENCES LTD
ASTERDM,ASTERDM IS,ASTER DM HEALTHCARE LTD
ASTRAMICRO,ASTM IS,ASTRA MICROWAVE PRODUCTS LTD
ASTRAL,ASTRA IS,ASTRAL POLY TECHNIK LTD
ASTRAZEN,ASTR IS,ASTRAZENECA PHARMA INDIA LTD
ATULAUTO,ATA IS,ATUL AUTO LTD
ATUL,ATLP IS,ATUL LTD
AUBANK,AUBANK IS,AU SMALL FINANCE BANK LTD
AURIONPRO,AUPS IS,AURIONPRO SOLUTIONS LTD
AUROPHARMA,ARBP IS,AUROBINDO PHARMA LTD
AUSOMENT,AUEL IS,AUSOM ENTERPRISE LTD
AUTOIND,AUTOL IS,AUTOLINE INDUSTRIES LTD
AUTOLITIND,ATLT IS,AUTOLITE (INDIA) LTD
AUTOAXLES,ATXL IS,AUTOMOTIVE AXLES LTD
AVADHSUGAR,AVADHSUG IS,AVADH SUGAR & ENERGY LTD
AVANTIFEED,AVNT IS,AVANTI FEEDS LTD
DMART,DMART IS,AVENUE SUPERMARTS LTD
AVTNPL,AVTH IS,AVT NATURAL PRODUCTS LTD
AXISBANK,AXSB IS,AXIS BANK LTD
AYMSYNTEX,AYMS IS,AYM SYNTEX LTD
BLKASHYAP,KASH IS,B. L. KASHYAP AND SONS LTD
BAFNAPHARM,BFNA IS,BAFNA PHARMACEUTICALS LTD
BAJAJ-AUTO,BJAUT IS,BAJAJ AUTO LTD
BAJAJCON,BAJAJCON IS,BAJAJ CONSUMER CARE LTD
BAJAJELEC,BJE IS,BAJAJ ELECTRICALS LTD
BAJFINANCE,BAF IS,BAJAJ FINANCE LTD
BAJAJFINSV,BJFIN IS,BAJAJ FINSERV LTD
BAJAJHIND,BJH IS,BAJAJ HINDUSTHAN SUGAR LTD
BALPHARMA,BLP IS,BAL PHARMA LTD
BALAMINES,BLA IS,BALAJI AMINES LTD
BALAJITELE,BLJT IS,BALAJI TELEFILMS LTD
BALAXI,BALAXI IS,BALAXI VENTURES LTD
BALKRISIND,BIL IS,BALKRISHNA INDUSTRIES LTD
BALKRISHNA,BPML IS,BALKRISHNA PAPER MILLS LTD
BALLARPUR,BILT IS,BALLARPUR INDUSTRIES LTD
BALRAMCHIN,BRCM IS,BALRAMPUR CHINI MILLS LTD
BANARBEADS,BNBD IS,BANARAS BEADS LTD
BANDHANBNK,BANDHAN IS,BANDHAN BANK LTD
BANG,BANG IS,BANG OVERSEAS LTD
BANKBARODA,BOB IS,BANK OF BARODA
BANKINDIA,BOI IS,BANK OF INDIA
MAHABANK,BOMH IS,BANK OF MAHARASHTRA
BANARISUG,BNRI IS,BANNARI AMMAN SUGARS LTD
BANSWRAS,BWSL IS,BANSWARA SYNTEX LTD
BVCL,BVCL IS,BARAK VALLEY CEMENTS LTD
BARTRONICS,BAIL IS,BARTRONICS INDIA LTD
BASF,BASF IS,BASF INDIA LTD
BATAINDIA,BATA IS,BATA INDIA LTD
BAYERCROP,BYRCS IS,BAYER CROPSCIENCE LTD
BEARDSELL,BSELL IS,BEARDSELL LTD
BEDMUTHA,BEDM IS,BEDMUTHA INDUSTRIES LTD
BEML,BEML IS,BEML LTD
BFINVEST,BFIN IS,BF INVESTMENT LTD
BFUTILITIE,BFUT IS,BF UTILITIES LTD
BGRENERGY,BGRL IS,BGR ENERGY SYSTEMS LTD
BHAGERIA,BGIN IS,BHAGERIA INDUSTRIES LTD
BHAGYANGR,BHIL IS,BHAGYANAGAR INDIA LTD
BHAGYAPROP,BHAGYA IS,BHAGYANAGAR PROPERTIES LTD
BBL,BIJL IS,BHARAT BIJLEE LTD
BDL,BDL IS,BHARAT DYNAMICS LTD
BEL,BHE IS,BHARAT ELECTRONICS LTD
BHARATFORG,BHFC IS,BHARAT FORGE LTD
BHARATGEAR,BG IS,BHARAT GEARS LTD
BHARATRAS,BRSN IS,BHARAT RASAYAN LTD
BRNL,BRNL IS,BHARAT ROAD NETWORK LTD
BHARATWIRE,BWRL IS,BHARAT WIRE ROPES LTD
BHARTIARTL,BHARTI IS,BHARTI AIRTEL LTD
INFRATEL,BHIN IS,BHARTI INFRATEL LTD
BIL,BHTI IS,BHARTIYA INTERNATIONAL LTD
BIGBLOC,BIGBLOC IS,BIGBLOC CONSTRUCTION LTD
BILENERGY,BESL IS,BIL ENERGY SYSTEMS LTD
BINANIIND,BZL IS,BINANI INDUSTRIES LTD
BIOCON,BIOS IS,BIOCON LTD
BIRLACABLE,BIRCB IS,BIRLA CABLE LTD
BSOFT,BSOFT IS,BIRLASOFT LTD
BKMINDST,BKMINDST IS,BKM INDUSTRIES LTD
BLBLIMITED,BLBL IS,BLB LTD
BLISSGVS,BLIS IS,BLISS GVS PHARMA LTD
BLUECOAST,BCOH IS,BLUE COAST HOTELS LTD
BLUEDART,BDE IS,BLUE DART EXPRESS LTD
BLUESTARCO,BLSTR IS,BLUE STAR LTD
BODALCHEM,BODL IS,BODAL CHEMICALS LTD
BRFL,BRFL IS,BOMBAY RAYON FASHIONS LTD
BOROSIL,BRSL IS,BOROSIL GLASS WORKS LTD
BOSCHLTD,BOS IS,BOSCH LTD
BPL,BPL IS,BPL LTD
BRIGADE,BRGD IS,BRIGADE ENTERPRISES LTD
BCG,BCG IS,BRIGHTCOM GROUP LTD
BRITANNIA,BRIT IS,BRITANNIA INDUSTRIES LTD
BROOKS,BKL IS,BROOKS LABORATORIES LTD
BSE,BSE IS,BSE LTD
BSL,BWSY IS,BSL LTD
BURNPUR,BPUR IS,BURNPUR CEMENT LTD
CANDC,CCON IS,C & C CONSTRUCTIONS LTD
CADILAHC,CDH IS,CADILA HEALTHCARE LTD
CAMLINFINE,CFIN IS,CAMLIN FINE SCIENCES LTD
CANFINHOME,CANF IS,CAN FIN HOMES LTD
CANBK,CBK IS,CANARA BANK
CANTABIL,CANT IS,CANTABIL RETAIL INDIA LTD
CAPACITE,CAPACITE IS,CAPACIT'E INFRAPROJECTS LTD
CAPTRUST,CPT IS,CAPITAL TRUST LTD
CGCL,CGCL IS,CAPRI GLOBAL CAPITAL LTD
CARBORUNIV,CU IS,CARBORUNDUM UNIVERSAL LTD
CARERATING,CARE IS,CARE RATINGS LTD
CAREERP,CRPT IS,CAREER POINT LTD
CASTEXTECH,CAST IS,CASTEX TECHNOLOGIES LTD
CASTROLIND,CSTRL IS,CASTROL INDIA LTD
CEATLTD,CEAT IS,CEAT LTD
CELEBRITY,CFLI IS,CELEBRITY FASHIONS LTD
CELESTIAL,CBIO IS,CELESTIAL BIOLABS LTD
CENTRALBK,CBOI IS,CENTRAL BANK OF INDIA
CENTRUM,CECA IS,CENTRUM CAPITAL LTD
CENTUM,CTE IS,CENTUM ELECTRONICS LTD
CENTENKA,CENK IS,CENTURY ENKA LTD
CENTEXT,CEXT IS,CENTURY EXTRUSIONS LTD
CERA,CRS IS,CERA SANITARYWARE LTD
CESC,CESC IS,CESC LTD
CESCVENT,CESCV IS,CESC VENTURES LTD
CHALET,CHALET IS,CHALET HOTELS LTD
CHEMFAB,CHEMFAB IS,CHEMFAB ALKALIS LTD
CHROMATIC,CRDS IS,CHROMATIC INDIA LTD
CIGNITITEC,CIGN IS,CIGNITI TECHNOLOGIES LTD
CNOVAPETRO,CNPL IS,CIL NOVA PETROCHEMICALS LTD
CIMMCO,CIMCO IS,CIMMCO LTD
CINELINE,CNLI IS,CINELINE INDIA LTD
CINEVISTA,CNVC IS,CINEVISTA LTD
CIPLA,CIPLA IS,CIPLA LTD
CUB,CUBK IS,CITY UNION BANK LTD
CLEDUCATE,CLEDU IS,CL EDUCATE LTD
CMICABLES,CMI IS,CMI LTD
COALINDIA,COAL IS,COAL INDIA LTD
COCHINSHIP,COCHIN IS,COCHIN SHIPYARD LTD
COFFEEDAY,CCD IS,COFFEE DAY ENTERPRISES LTD
COMPINFO,CPGI IS,COMPUAGE INFOCOM LTD
COMPUSOFT,CPCS IS,COMPUCOM SOFTWARE LTD
CONTROLPR,CTPI IS,CONTROL PRINT LTD
CORDSCABLE,CORD IS,CORDS CABLE INDUSTRIES LTD
COROMANDEL,CRIN IS,COROMANDEL INTERNATIONAL LTD
CORPBANK,CRPBK IS,CORPORATION BANK
COSMOFILMS,CFLM IS,COSMO FILMS LTD
COUNCODOS,COND IS,COUNTRY CONDO'S LTD
CREATIVEYE,CEYE IS,CREATIVE EYE LTD
CREDITACC,CREDAG IS,CREDITACCESS GRAMEEN LTD
CREST,CREV IS,CREST VENTURES LTD
CRISIL,CRISIL IS,CRISIL LTD
CUBEXTUB,CUBX IS,CUBEX TUBINGS LTD
CUMMINSIND,KKC IS,CUMMINS INDIA LTD
CUPID,CUPD IS,CUPID LTD
CURATECH,CURA IS,CURA TECHNOLOGIES LTD
CYIENT,CYL IS,CYIENT LTD
DBREALTY,DBRL IS,D B REALTY LTD
DABUR,DABUR IS,DABUR INDIA LTD
DALBHARAT,DALBHARA IS,DALMIA BHARAT LTD
DAMODARIND,DMT IS,DAMODAR INDUSTRIES LTD
DCBBANK,DCBB IS,DCB BANK LTD
DCMSHRIRAM,DCMS IS,DCM SHRIRAM LTD
DCW,DCW IS,DCW LTD
DENORA,DENI IS,DE NORA INDIA LTD
DECCANCE,DECM IS,DECCAN CEMENTS LTD
DEEPIND,DEEPI IS,DEEP INDUSTRIES LTD
DEEPAKNTR,DN IS,DEEPAK NITRITE LTD
DELTACORP,DELTA IS,DELTA CORP LTD
DELTAMAGNT,DELM IS,DELTA MAGNETS LTD
DEN,DEN IS,DEN NETWORKS LTD
DFMFOODS,DFMF IS,DFM FOODS LTD
DHAMPURSUG,DSM IS,DHAMPUR SUGAR MILLS LTD
DHANBANK,DHLBK IS,DHANLAXMI BANK LTD
DHANUKA,DAGRI IS,DHANUKA AGRITECH LTD
DHUNINV,DINL IS,DHUNSERI INVESTMENTS LTD
DVL,DVL IS,DHUNSERI VENTURES LTD
DIAPOWER,DIPI IS,DIAMOND POWER INFRA LTD
DICIND,DICI IS,DIC INDIA LTD
DGCONTENT,DGCONTEN IS,DIGICONTENT LTD
DIGJAMLTD,DGJM IS,DIGJAM LTD
DBL,DBL IS,DILIP BUILDCON LTD
DISHTV,DITV IS,DISH TV INDIA LTD
DCAL,DCAL IS,DISHMAN CARBOGEN AMCIS LTD
DIVISLAB,DIVI IS,DIVI'S LABORATORIES LTD
DLF,DLFU IS,DLF LTD
DOLLAR,DOLLAR IS,DOLLAR INDUSTRIES LTD
DONEAR,DNI IS,DONEAR INDUSTRIES LTD
DPSCLTD,DPSC IS,DPSC LTD
DYNAMATECH,DYTC IS,DYNAMATIC TECHNOLOGIES LTD
DYNPRO,DYPL IS,DYNEMIC PRODUCTS LTD
EASTSILK,ESLK IS,EASTERN SILK INDUSTRIES LTD
EASUNREYRL,ERR IS,EASUN REYROLLE LTD
ECLERX,ECLX IS,ECLERX SERVICES LTD
EDUCOMP,EDSL IS,EDUCOMP SOLUTIONS LTD
EICHERMOT,EIM IS,EICHER MOTORS LTD
EIDPARRY,EID IS,EID PARRY INDIA LTD
EIHOTEL,EIH IS,EIH LTD
ELAND,ELAND IS,E-LAND APPAREL LTD
ELECTCAST,ELSC IS,ELECTROSTEEL CASTINGS LTD
ELGIEQUIP,ELEQ IS,ELGI EQUIPMENTS LTD
ELGIRUBCO,ELGI IS,ELGI RUBBER COMPANY LTD
EMAMILTD,HMN IS,EMAMI LTD
EMAMIPAP,EPML IS,EMAMI PAPER MILLS LTD
EMAMIREAL,EMAMIREA IS,EMAMI REALTY LTD
EMCO,EMCO IS,EMCO LTD
EMMBI,EMMB IS,EMMBI INDUSTRIES LTD
EDL,EDIS IS,EMPEE DISTILLERIES LTD
ENDURANCE,ENDU IS,ENDURANCE TECHNOLOGIES LTD
ENGINERSIN,ENGR IS,ENGINEERS INDIA LTD
EON,EON IS,EON ELECTRIC LTD
ERIS,ERIS IS,ERIS LIFESCIENCES LTD
EROSMEDIA,EROS IS,EROS INTERNATIONAL MEDIA LTD
ESABINDIA,ESAB IS,ESAB INDIA LTD
ESCORTS,ESC IS,ESCORTS LTD
ESSDEE,EDA IS,ESS DEE ALUMINIUM LTD
ESSARSHPNG,ESL IS,ESSAR SHIPPING LTD
ESSELPACK,ESEL IS,ESSEL PROPACK LTD
ESTER,ESTR IS,ESTER INDUSTRIES LTD
EUROCERA,EUCL IS,EURO CERAMICS LTD
EUROMULTI,EURO IS,EURO MULTIVISION LTD
EVERESTIND,EVI IS,EVEREST INDUSTRIES LTD
EKC,EKCL IS,EVEREST KANTO CYLINDER LTD
EXCELCROP,EXCC IS,EXCEL CROP CARE LTD
EXCELINDUS,EXL IS,EXCEL INDUSTRIES LTD
EXCEL,ERNI IS,EXCEL REALTY N INFRA LTD
EXIDEIND,EXID IS,EXIDE INDUSTRIES LTD
EXPLEOSOL,EXPLEOSO IS,EXPLEO SOLUTIONS LTD
FAIRCHEM,FAIRCHEM IS,FAIRCHEM SPECIALITY LTD
FCSSOFT,FCS IS,FCS SOFTWARE SOLUTIONS LTD
FDC,FDCLT IS,FDC LTD
FIEMIND,FIEM IS,FIEM INDUSTRIES LTD
FILATEX,FLTX IS,FILATEX INDIA LTD
FINEORG,FINEORG IS,FINE ORGANIC INDUSTRIES LTD
FCL,FTXC IS,FINEOTEX CHEMICAL LTD
FINCABLES,FNXC IS,FINOLEX CABLES LTD
FINPIPE,FNXP IS,FINOLEX INDUSTRIES LTD
FSL,FSOL IS,FIRSTSOURCE SOLUTIONS LTD
FORTIS,FORH IS,FORTIS HEALTHCARE LTD
FOSECOIND,FSC IS,FOSECO INDIA LTD
FCONSUMER,FCON IS,FUTURE CONSUMER LTD
FEL,FEL IS,FUTURE ENTERPRISES LTD
FMNL,FMNL IS,FUTURE MARKET NETWORKS LTD
FRETAIL,FRETAIL IS,FUTURE RETAIL LTD
GABRIEL,GABR IS,GABRIEL INDIA LTD
GALAXYSURF,GALSURF IS,GALAXY SURFACTANTS LTD
GALLISPAT,GALLIS IS,GALLANTT ISPAT LTD
GALLANTT,GALL IS,GALLANTT METAL LTD
GANDHITUBE,GNDI IS,GANDHI SPECIAL TUBES LTD
GANECOS,GNPL IS,GANESHA ECOSPHERE LTD
GANGESSECU,GANGES IS,GANGES SECURITIES LTD
GANGOTRI,GNTX IS,GANGOTRI TEXTILES LTD
GARDENSILK,GRDN IS,GARDEN SILK MILLS LTD
GARFIBRES,GTFL IS,GARWARE TECHNICAL FIBRES LTD
GDL,GDPL IS,GATEWAY DISTRIPARKS LTD
GATI,GTIC IS,GATI LTD
GAYAHWS,GAYAHWS IS,GAYATRI HIGHWAYS LTD
GAYAPROJ,GAYP IS,GAYATRI PROJECTS LTD
GEPIL,GEPIL IS,GE POWER INDIA LTD
GET&D,GETD IS,GE T&D INDIA LTD
GEECEE,GCVL IS,GEECEE VENTURES LTD
GHCL,GHCL IS,GHCL LTD
GISOLUTION,GIEN IS,GI ENGINEERING SOLUTIONS LTD
GICHSGFIN,GICHF IS,GIC HOUSING FINANCE LTD
GILLETTE,GILL IS,GILLETTE INDIA LTD
GINNIFILA,GINI IS,GINNI FILAMENTS LTD
GKWLIMITED,GKW IS,GKW LTD
GLENMARK,GNP IS,GLENMARK PHARMACEUTICALS LTD
GLOBOFFS,GWOS IS,GLOBAL OFFSHORE SERVICES LTD
GLOBALVECT,GVH IS,GLOBAL VECTRA HELICORP LTD
GLOBUSSPR,GBSL IS,GLOBUS SPIRITS LTD
GMBREW,GMBR IS,GM BREWERIES LTD
GMMPFAUDLR,GMM IS,GMM PFAUDLER LTD
GMRINFRA,GMRI IS,GMR INFRASTRUCTURE LTD
GNA,GNA IS,GNA AXLES LTD
GOACARBON,GOCA IS,GOA CARBON LTD
GPIL,GODPI IS,GODAWARI POWER AND ISPAT LTD
GODFRYPHLP,GP IS,GODFREY PHILLIPS INDIA LTD
GODREJAGRO,GOAGRO IS,GODREJ AGROVET LTD
GODREJCP,GCPL IS,GODREJ CONSUMER PRODUCTS LTD
GODREJIND,GDSP IS,GODREJ INDUSTRIES LTD
GODREJPROP,GPL IS,GODREJ PROPERTIES LTD
GOKEX,GEXP IS,GOKALDAS EXPORTS LTD
GOKULAGRO,GOKUL IS,GOKUL AGRO RESOURCES LTD
GOLDENTOBC,GTO IS,GOLDEN TOBACCO LTD
GOLDIAM,GLDM IS,GOLDIAM INTERNATIONAL LTD
GOLDTECH,GSE IS,GOLDSTONE TECHNOLOGIES LTD
GOODLUCK,GLIN IS,GOODLUCK INDIA LTD
GULFPETRO,GPPE IS,GP PETROLEUMS LTD
GRANULES,GRAN IS,GRANULES INDIA LTD
GRAPHITE,GRIL IS,GRAPHITE INDIA LTD
GRASIM,GRASIM IS,GRASIM INDUSTRIES LTD
GRAVITA,GRAV IS,GRAVITA INDIA LTD
GREAVESCOT,GRV IS,GREAVES COTTON LTD
GREENLAM,GRLM IS,GREENLAM INDUSTRIES LTD
GREENPLY,MTLM IS,GREENPLY INDUSTRIES LTD
GRINDWELL,GWN IS,GRINDWELL NORTON LTD
GRPLTD,GRP IS,GRP LTD
GRUH,GRHF IS,GRUH FINANCE LTD
GSS,GSSI IS,GSS INFOTECH LTD
GTLINFRA,GTLI IS,GTL INFRASTRUCTURE LTD
GTL,GTS IS,GTL LTD
GTNIND,GTN IS,GTN INDUSTRIES LTD
GTNTEX,GTNT IS,GTN TEXTILES LTD
GTPL,GTPL IS,GTPL HATHWAY LTD
GUFICBIO,CF IS,GUFIC BIOSCIENCES LTD
GAEL,GAEX IS,GUJARAT AMBUJA EXPORTS LTD
GUJFLUORO,GFLC IS,GUJARAT FLUOROCHEMICALS LTD
GUJGASLTD,GUJGA IS,GUJARAT GAS LTD
GLFL,GLF IS,GUJARAT LEASE FINANCING LTD
GPPL,GPPV IS,GUJARAT PIPAVAV PORT LTD
GSCLCEMENT,GSCL IS,GUJARAT SIDHEE CEMENT LTD
GSPL,GUJS IS,GUJARAT STATE PETRONET LTD
GULPOLY,GULP IS,GULSHAN POLYOLS LTD
GAL,GYSC IS,GYSCOAL ALLOYS LTD
HARITASEAT,HARS IS,HARITA SEATING SYSTEMS LTD
HATSUN,HTSMF IS,HATSUN AGRO PRODUCT LTD
HAVELLS,HAVL IS,HAVELLS INDIA LTD
HBSL,HBSH IS,HB STOCKHOLDINGS LTD
HBLPOWER,HBPS IS,HBL POWER SYSTEMS LTD
HCL-INSYS,HCLI IS,HCL INFOSYSTEMS LTD
HCLTECH,HCLT IS,HCL TECHNOLOGIES LTD
HDFCBANK,HDFCB IS,HDFC BANK LTD
HEG,HEG IS,HEG LTD
HEIDELBERG,HEIM IS,HEIDELBERGCEMENT INDIA LTD
HERCULES,HCH IS,HERCULES HOISTS LTD
HERITGFOOD,HTFL IS,HERITAGE FOODS LTD
HEROMOTOCO,HMCL IS,HERO MOTOCORP LTD
HESTERBIO,HBIO IS,HESTER BIOSCIENCES LTD
HEXATRADEX,HEXA IS,HEXA TRADEX LTD
HEXAWARE,HEXW IS,HEXAWARE TECHNOLOGIES LTD
HIGHGROUND,HGEL IS,HIGH GROUND ENTERPRISE LTD
HIKAL,HKCI IS,HIKAL LTD
HIL,HIL IS,HIL LTD
HILTON,HMFL IS,HILTON METAL FORGING LTD
HIMATSEIDE,HSS IS,HIMATSINGKA SEIDE LTD
HIRECT,HREC IS,HIND RECTIFIERS LTD
HINDSYNTEX,HSYN IS,HIND SYNTEX LTD
HINDALCO,HNDL IS,HINDALCO INDUSTRIES LTD
HGS,HGSL IS,HINDUJA GLOBAL SOLUTIONS LTD
HINDUJAVEN,HVL IS,HINDUJA VENTURES LTD
HAL,HNAL IS,HINDUSTAN AERONAUTICS LTD
HINDCOMPOS,HDCM IS,HINDUSTAN COMPOSITES LTD
HINDCOPPER,HCP IS,HINDUSTAN COPPER LTD
HMVL,HMVL IS,HINDUSTAN MEDIA VENTURES LTD
HINDMOTORS,HM IS,HINDUSTAN MOTORS LTD
HINDUNILVR,HUVR IS,HINDUSTAN UNILEVER LTD
HINDZINC,HZ IS,HINDUSTAN ZINC LTD
HISARMETAL,HMIL IS,HISAR METAL INDUSTRIES LTD
HITECH,HITECH IS,HI-TECH PIPES LTD
HMT,HMT IS,HMT LTD
HOTELRUGBY,HRB IS,HOTEL RUGBY LTD
HOVS,HOVS IS,HOV SERVICES LTD
HPL,HPLE IS,HPL ELECTRIC & POWER LTD
HSIL,HSI IS,HSIL LTD
HTMEDIA,HTML IS,HT MEDIA LTD
HUBTOWN,HUB IS,HUBTOWN LTD
PAPERPROD,HPPL IS,HUHTAMAKI PPL LTD
ICICIBANK,ICICIBC IS,ICICI BANK LTD
ISEC,ISEC IS,ICICI SECURITIES LTD
ICRA,ICRA IS,ICRA LTD
IDBI,IDBI IS,IDBI BANK LTD
IDFCFIRSTB,IDFCFB IS,IDFC FIRST BANK LTD
IDFC,IDFC IS,IDFC LTD
IFBAGRO,IFBA IS,IFB AGRO INDUSTRIES LTD
IFBIND,IFBI IS,IFB INDUSTRIES LTD
IFCI,IFCI IS,IFCI LTD
IFGLEXPOR,IFGLRF IS,IFGL REFRACTORIES LTD
IGARASHI,IGM IS,IGARASHI MOTORS INDIA LTD
IIFL,IIFL IS,IIFL FINANCE LTD
INDLMETER,IMP IS,IMP POWERS LTD
IMPEXFERRO,IMPX IS,IMPEX FERRO TECH LTD
INDIAGLYCO,IGLY IS,INDIA GLYCOLS LTD
INDNIPPON,INE IS,INDIA NIPPON ELECTRICALS LTD
IBREALEST,IBREL IS,INDIABULLS REAL ESTATE LTD
IBVENTURES,IBVE IS,INDIABULLS VENTURES LTD
INDIANB,INBK IS,INDIAN BANK
IEX,IEX IS,INDIAN ENERGY EXCHANGE LTD
IOB,IOB IS,INDIAN OVERSEAS BANK
INDTERRAIN,ITFL IS,INDIAN TERRAIN FASHIONS LTD
ICIL,ICNT IS,INDO COUNT INDUSTRIES LTD
INDOTECH,INDT IS,INDO TECH TRANSFORMERS LTD
INDOTHAI,ITSL IS,INDO THAI SECURITIES LTD
INDOCO,INDR IS,INDOCO REMEDIES LTD
NIPPOBATRY,INNA IS,INDO-NATIONAL LTD
INDOSOLAR,ISLR IS,INDOSOLAR LTD
INDOSTAR,INDOSTAR IS,INDOSTAR CAPITAL FINANCE LTD
INDOWIND,IEL IS,INDOWIND ENERGY LTD
IGL,IGL IS,INDRAPRASTHA GAS LTD
INDSWFTLAB,ISL IS,IND-SWIFT LABORATORIES LTD
INDUSINDBK,IIB IS,INDUSIND BANK LTD
INEOSSTYRO,INEOS IS,INEOS STYROLUTION INDIA LTD
INFIBEAM,INFIBEAM IS,INFIBEAM AVENUES LTD
INFY,INFO IS,INFOSYS LTD
INOXLEISUR,INOL IS,INOX LEISURE LTD
INOXWIND,INXW IS,INOX WIND LTD
INSPIRISYS,INSSL IS,INSPIRISYS SOLUTIONS LTD
INTELLECT,INDA IS,INTELLECT DESIGN ARENA LTD
INTENTECH,INTEC IS,INTENSE TECHNOLOGIES LTD
INDIGO,INDIGO IS,INTERGLOBE AVIATION LTD
IPAPPM,IPAP IS,INTERNATIONAL PAPER APPM LTD
ISFT,ITECH IS,INTRASOFT TECHNOLOGIES LTD
IPCALAB,IPCA IS,IPCA LABORATORIES LTD
IRCON,IRCON IS,IRCON INTERNATIONAL LTD
ISMTLTD,ISMT IS,ISMT LTD
ITC,ITC IS,ITC LTD
ITDCEM,ITCE IS,ITD CEMENTATION INDIA LTD
ITI,ITI IS,ITI LTD
IVP,IVP IS,IVP LTD
IVRCLINFRA,IVRC IS,IVRCL LTD
IZMO,IZMO IS,IZMO LTD
JKIL,JKIL IS,J.KUMAR INFRAPROJECTS LTD
JAGRAN,JAGP IS,JAGRAN PRAKASHAN LTD
JAIBALAJI,JBIL IS,JAI BALAJI INDUSTRIES LTD
JAICORPLTD,JFI IS,JAI CORP LTD
JAIHINDPRO,JHP IS,JAIHIND PROJECTS LTD
JISLDVREQS,JI IS,JAIN IRRIGATION SYSTEMS LTD
JAINSTUDIO,JNS IS,JAIN STUDIOS LTD
JPASSOCIAT,JPA IS,JAIPRAKASH ASSOCIATES LTD
JAMNAAUTO,JMNA IS,JAMNA AUTO INDUSTRIES LTD
JAYBARMARU,JBM IS,JAY BHARAT MARUTI LTD
JAYNECOIND,NGE IS,JAYASWAL NECO INDUSTRIES LTD
JPINFRATEC,JPIN IS,JAYPEE INFRATECH LTD
JBFIND,JBF IS,JBF INDUSTRIES LTD
JBMA,JBMA IS,JBM AUTO LTD
JIKIND,KFS IS,JIK INDUSTRIES LTD
JINDCOT,JCOT IS,JINDAL COTEX LTD
JINDALPHOT,JPL IS,JINDAL PHOTO LTD
JINDALPOLY,JDPF IS,JINDAL POLY FILMS LTD
JINDALSAW,JSAW IS,JINDAL SAW LTD
JSL,JDSL IS,JINDAL STAINLESS LTD
JINDALSTEL,JSP IS,JINDAL STEEL & POWER LTD
JINDWORLD,JINW IS,JINDAL WORLDWIDE LTD
JITFINFRA,JITFIN IS,JITF INFRALOGISTICS LTD
JKCEMENT,JKCE IS,JK CEMENT LTD
JKLAKSHMI,JKLC IS,JK LAKSHMI CEMENT LTD
JKPAPER,JKPAPER IS,JK PAPER LTD
JKTYRE,JKI IS,JK TYRE & INDUSTRIES LTD
JMFINANCIL,JM IS,JM FINANCIAL LTD
JMTAUTOLTD,JMT IS,JMT AUTO LTD
JOCIL,JOCIL IS,JOCIL LTD
JSWENERGY,JSW IS,JSW ENERGY LTD
JSWHL,SWH IS,JSW HOLDINGS LTD
JSWSTEEL,JSTL IS,JSW STEEL LTD
JTEKTINDIA,JTEKT IS,JTEKT INDIA LTD
JUBLFOOD,JUBI IS,JUBILANT FOODWORKS LTD
JUBLINDS,JIND IS,JUBILANT INDUSTRIES LTD
JUBILANT,JUBILANT IS,JUBILANT LIFE SCIENCES LTD
JUSTDIAL,JUST IS,JUST DIAL LTD
JVLAGRO,JVLA IS,JVL AGRO INDUSTRIES LTD
JYOTHYLAB,JYL IS,JYOTHY LABORATORIES LTD
KAJARIACER,KJC IS,KAJARIA CERAMICS LTD
KALYANI,KALYANI IS,KALYANI COMMERCIALS LTD
KALYANIFRG,KF IS,KALYANI FORGE LTD
KSL,KS IS,KALYANI STEELS LTD
KAMDHENU,KAMD IS,KAMDHENU LTD
KANANIIND,KAIL IS,KANANI INDUSTRIES LTD
KANSAINER,KNPL IS,KANSAI NEROLAC PAINTS LTD
KARDA,KARDA IS,KARDA CONSTRUCTIONS LTD
KARMAENG,KENG IS,KARMA ENERGY LTD
KARURVYSYA,KVB IS,KARUR VYSYA BANK LTD
KGL,KARG IS,KARUTURI GLOBAL LTD
KAVVERITEL,KTPL IS,KAVVERI TELECOM PRODUCTS LTD
KAYA,KAYA IS,KAYA LTD
KCP,KCPL IS,KCP LTD
KDDL,KDDL IS,KDDL LTD
KEC,KECI IS,KEC INTERNATIONAL LTD
KEI,KEII IS,KEI INDUSTRIES LTD
KELLTONTEC,KTSL IS,KELLTON TECH SOLUTIONS LTD
KESARENT,KSRE IS,KESAR ENTERPRISES LTD
KESORAMIND,KSI IS,KESORAM INDUSTRIES LTD
KKCL,KEKC IS,KEWAL KIRAN CLOTHING LTD
KHADIM,KHDM IS,KHADIM INDIA LTD
KHAITANELE,KHT IS,KHAITAN ELECTRICALS LTD
KHANDSE,KHDS IS,KHANDWALA SECURITIES LTD
KILITCH,KILD IS,KILITCH DRUGS (INDIA) LTD
KIOCL,KIOCL IS,KIOCL LTD
KIRIINDUS,KIRI IS,KIRI INDUSTRIES LTD
KIRLOSBROS,KKB IS,KIRLOSKAR BROTHERS LTD
KIRLOSIND,KKIL IS,KIRLOSKAR INDUSTRIES LTD
KIRLOSENG,KOEL IS,KIRLOSKAR OIL ENGINES LTD
KITEX,KTG IS,KITEX GARMENTS LTD
KNRCON,KNRC IS,KNR CONSTRUCTIONS LTD
KOHINOOR,KFL IS,KOHINOOR FOODS LTD
KOKUYOCMLN,CAMLN IS,KOKUYO CAMLIN LTD
KOPRAN,KOP IS,KOPRAN LTD
KOTAKBANK,KMB IS,KOTAK MAHINDRA BANK LTD
KOTHARIPET,KTPC IS,KOTHARI PETROCHEMICALS LTD
KOTHARIPRO,KTP IS,KOTHARI PRODUCTS LTD
KPITTECH,KPITTECH IS,KPIT TECHNOLOGIES LTD
KRBL,KRB IS,KRBL LTD
KRIDHANINF,KRID IS,KRIDHAN INFRA LTD
KSB,KSB IS,KSB LTD
KSK,KSK IS,KSK ENERGY VENTURES LTD
KSERASERA,KSLD IS,KSS LTD
KWALITY,KWALITY IS,KWALITY LTD
L&TFH,LTFH IS,L&T FINANCE HOLDINGS LTD
LTTS,LTTS IS,L&T TECHNOLOGY SERVICES LTD
LAOPALA,LOG IS,LA OPALA RG LTD
LAXMIMACH,LMW IS,LAKSHMI MACHINE WORKS LTD
LAKSHVILAS,LVB IS,LAKSHMI VILAS BANK LTD
LTI,LTI IS,LARSEN & TOUBRO INFOTECH LTD
LT,LT IS,LARSEN & TOUBRO LTD
LASA,LASA IS,LASA SUPERGENERICS LTD
LAURUSLABS,LAURUS IS,LAURUS LABS LTD
LEEL,LEEL IS,LEEL ELECTRICALS LTD
LEMONTREE,LEMONTRE IS,LEMON TREE HOTELS LTD
LGBFORGE,LGBF IS,LGB FORGE LTD
LIBERTSHOE,LBS IS,LIBERTY SHOES LTD
LICHSGFIN,LICHF IS,LIC HOUSING FINANCE LTD
LINCPEN,LPP IS,LINC PEN & PLASTICS LTD
LINCOLN,LPH IS,LINCOLN PHARMACEUTICALS LTD
LINDEINDIA,LIIL IS,LINDE INDIA LTD
LSIL,LSILIN IS,LLOYDS STEELS INDUSTRIES LTD
LOKESHMACH,LOKM IS,LOKESH MACHINES LTD
LOVABLE,LLL IS,LOVABLE LINGERIE LTD
DAAWAT,LTFO IS,LT FOODS LTD
LUMAXTECH,LMAX IS,LUMAX AUTO TECHNOLOGIES LTD
LUMAXIND,LUMX IS,LUMAX INDUSTRIES LTD
LUPIN,LPC IS,LUPIN LTD
LUXIND,LUX IS,LUX INDUSTRIES LTD
LYKALABS,LYKA IS,LYKA LABS LTD
LYPSAGEMS,LYPS IS,LYPSA GEMS & JEWELLERY LTD
MAANALU,MALU IS,MAAN ALUMINIUM LTD
MADHUCON,MDHPJ IS,MADHUCON PROJECTS LTD
MADRASFERT,MDF IS,MADRAS FERTILIZERS LTD
MAGADSUGAR,MGDH IS,MAGADH SUGAR & ENERGY LTD
MAGMA,MGMA IS,MAGMA FINCORP LTD
MAGNUM,MAG IS,MAGNUM VENTURES LTD
MGL,MAHGL IS,MAHANAGAR GAS LTD
MAHSCOOTER,MHSC IS,MAHARASHTRA SCOOTERS LTD
MAHSEAMLES,MHS IS,MAHARASHTRA SEAMLESS LTD
MAHESHWARI,MLL IS,MAHESHWARI LOGISTICS LTD
M&M,MM IS,MAHINDRA & MAHINDRA LTD
MAHINDCIE,MACA IS,MAHINDRA CIE AUTOMOTIVE LTD
MAHLOG,MAHLOG IS,MAHINDRA LOGISTICS LTD
MAITHANALL,MAIT IS,MAITHAN ALLOYS LTD
MAJESCO,MJCO IS,MAJESCO LTD
MALUPAPER,MALP IS,MALU PAPER MILLS LTD
MANINDS,MAN IS,MAN INDUSTRIES (INDIA) LTD
MANINFRA,MINF IS,MAN INFRACONSTRUCTION LTD
MANAKSIA,MANL IS,MANAKSIA LTD
MANAKSTEEL,MASTL IS,MANAKSIA STEELS LTD
MANALIPETC,MPCH IS,MANALI PETROCHEMICALS LTD
MANAPPURAM,MGFL IS,MANAPPURAM FINANCE LTD
MIL,MNDN IS,MANDHANA INDUSTRIES LTD
MANGLMCEM,MGC IS,MANGALAM CEMENT LTD
MANGTIMBER,MGTP IS,MANGALAM TIMBER PRODUCTS LTD
MANPASAND,MANB IS,MANPASAND BEVERAGES LTD
MANUGRAPH,MI IS,MANUGRAPH INDIA LTD
MARALOVER,MO IS,MARAL OVERSEAS LTD
MARATHON,MNRT IS,MARATHON NEXTGEN REALTY LTD
MARICO,MRCO IS,MARICO LTD
MARKSANS,MRKS IS,MARKSANS PHARMA LTD
MARUTI,MSIL IS,MARUTI SUZUKI INDIA LTD
MASFIN,MASFIN IS,MAS FINANCIAL SERVICES LTD
MASKINVEST,MASKIN IS,MASK INVESTMENTS LTD
MASTEK,MAST IS,MASTEK LTD
MATRIMONY,MATRIM IS,MATRIMONY.COM LTD
MAWANASUG,MWNS IS,MAWANA SUGARS LTD
MFSL,MAXF IS,MAX FINANCIAL SERVICES LTD
MAYURUNIQ,MUNI IS,MAYUR UNIQUOTERS LTD
MAZDA,MZC IS,MAZDA LTD
MBLINFRA,MBL IS,MBL INFRASTRUCTURES LTD
MCDHOLDING,MACH IS,MCDOWELL HOLDINGS LTD
MCLEODRUSS,MCLR IS,MCLEOD RUSSEL INDIA LTD
MEGASOFT,MGSF IS,MEGASOFT LTD
MEGH,MEGH IS,MEGHMANI ORGANICS LTD
MENONBE,MEN IS,MENON BEARINGS LTD
MERCATOR,MRLN IS,MERCATOR LTD
METALFORGE,MEFO IS,METALYST FORGINGS LTD
METROPOLIS,METROHL IS,METROPOLIS HEALTHCARE LTD
MIC,MICE IS,MIC ELECTRONICS LTD
MINDAIND,MNDA IS,MINDA INDUSTRIES LTD
MINDTECK,HDTI IS,MINDTECK (INDIA) LTD
MINDTREE,MTCL IS,MINDTREE LTD
MIRCELECTR,MIRC IS,MIRC ELECTRONICS LTD
MIRZAINT,MRZI IS,MIRZA INTERNATIONAL LTD
MIDHANI,MIDHANI IS,MISHRA DHATU NIGAM LTD
MMTC,MMTC IS,MMTC LTD
MODIRUBBER,MDR IS,MODI RUBBER LTD
MOHITIND,MHFB IS,MOHIT INDUSTRIES LTD
MOHOTAIND,MOHOTA IS,MOHOTA INDUSTRIES LTD
MOIL,MOIL IS,MOIL LTD
MOLDTKPAC,MTEP IS,MOLD-TEK PACKAGING LTD
MOLDTECH,MTEK IS,MOLD-TEK TECHNOLOGIES LTD
AIONJSW,MISP IS,MONNET ISPAT & ENERGY LTD
MONSANTO,MCHM IS,MONSANTO INDIA LTD
MONTECARLO,MOCF IS,MONTE CARLO FASHIONS LTD
MORARJEE,MTEX IS,MORARJEE TEXTILES LTD
MOREPENLAB,MORE IS,MOREPEN LABORATORIES LTD
MOTHERSUMI,MSS IS,MOTHERSON SUMI SYSTEMS LTD
MPHASIS,MPHL IS,MPHASIS LTD
MPSLTD,MPS IS,MPS LTD
MRF,MRF IS,MRF LTD
MRO-TEK,MROTK IS,MRO-TEK REALTY LTD
MSPL,MSPS IS,MSP STEEL & POWER LTD
MSTCLTD,MSTCLTD IS,MSTC LTD
MTEDUCARE,MTEL IS,MT EDUCARE LTD
MUKANDENGG,MKE IS,MUKAND ENGINEERS LTD
MUKANDLTD,MUK IS,MUKAND LTD
MUKTAARTS,MKTA IS,MUKTA ARTS LTD
MUNJALAU,GCY IS,MUNJAL AUTO INDUSTRIES LTD
MUNJALSHOW,MJS IS,MUNJAL SHOWA LTD
RADIOCITY,RADIOCIT IS,MUSIC BROADCAST LTD
MUTHOOTCAP,MTCS IS,MUTHOOT CAPITAL SERVICES LTD
MUTHOOTFIN,MUTH IS,MUTHOOT FINANCE LTD
MVL,MVLL IS,MVL LTD
NACLIND,NACLIND IS,NACL INDUSTRIES LTD
NDGL,NDGL IS,NAGA DHUNSERI GROUP LTD
NAGAROIL,NOFL IS,NAGARJUNA OIL REFINERY LTD
NAGREEKEXP,NGRE IS,NAGREEKA EXPORTS LTD
NAHARPOLY,NPFL IS,NAHAR POLY FILMS LTD
NAHARSPING,NSM IS,NAHAR SPINNING MILLS LTD
NSIL,NINV IS,NALWA SONS INVESTMENTS LTD
NDL,NAND IS,NANDAN DENIM LTD
NATCOPHARM,NTCPH IS,NATCO PHARMA LTD
NFL,NFL IS,NATIONAL FERTILIZERS LTD
NBVENTURES,NBVL IS,NAVA BHARAT VENTURES LTD
NAVNETEDUL,NELI IS,NAVNEET EDUCATION LTD
NCC,NJCC IS,NCC LTD
NCLIND,NCLI IS,NCL INDUSTRIES LTD
NECLIFE,NLSC IS,NECTAR LIFESCIENCES LTD
NITESHEST,NITE IS,NEL HOLDINGS LTD
NELCAST,NELC IS,NELCAST LTD
NELCO,NELCO IS,NELCO LTD
NEOGEN,NEOGEN IS,NEOGEN CHEMICALS LTD
NESCO,NSE IS,NESCO LTD
NESTLEIND,NEST IS,NESTLE INDIA LTD
NTL,NEUTL IS,NEUEON TOWERS LTD
NEULANDLAB,NLL IS,NEULAND LABORATORIES LTD
NDTV,NDTV IS,NEW DELHI TELEVISION LTD
NEXTMEDIA,NML IS,NEXT MEDIAWORKS LTD
NHPC,NHPC IS,NHPC LTD
NIITLTD,NIIT IS,NIIT LTD
NIITTECH,NITEC IS,NIIT TECHNOLOGIES LTD
NILASPACES,NILASPAC IS,NILA SPACES LTD
NILKAMAL,NILK IS,NILKAMAL LTD
NIRAJISPAT,NIRAJI IS,NIRAJ ISPAT INDUSTRIES LTD
NITCO,NITCO IS,NITCO LTD
NITINSPIN,NSPL IS,NITIN SPINNERS LTD
NKIND,NKI IS,NK INDUSTRIES LTD
NLCINDIA,NLC IS,NLC INDIA LTD
NMDC,NMDC IS,NMDC LTD
NOCIL,NOCIL IS,NOCIL LTD
NIBL,NIBL IS,NRB INDUSTRIAL BEARINGS LTD
NTPC,NTPC IS,NTPC LTD
NUCLEUS,NCS IS,NUCLEUS SOFTWARE EXPORTS LTD
OBEROIRLTY,OBER IS,OBEROI REALTY LTD
OISL,OISL IS,OCL IRON AND STEEL LTD
OILCOUNTUB,OIL IS,OIL COUNTRY TUBULAR LTD
OIL,OINL IS,OIL INDIA LTD
OLECTRA,OLECTRA IS,OLECTRA GREENTECH LTD
OMMETALS,OMM IS,OM METALS INFRAPROJECTS LTD
OMAXAUTO,OMAX IS,OMAX AUTOS LTD
OMAXE,OAXE IS,OMAXE LTD
ONEPOINT,ONEPOINT IS,ONE POINT ONE SOLUTIONS LTD
ONELIFECAP,OCAP IS,ONELIFE CAPITAL ADVISORS LTD
ONMOBILE,ONMB IS,ONMOBILE GLOBAL LTD
ONWARDTEC,ONT IS,ONWARD TECHNOLOGIES LTD
OPTIEMUS,OPIL IS,OPTIEMUS INFRACOM LTD
ORBTEXP,OEX IS,ORBIT EXPORTS LTD
ORCHIDPHAR,ORCP IS,ORCHID PHARMA LTD
ORICONENT,OTE IS,ORICON ENTERPRISES LTD
ORIENTABRA,OA IS,ORIENT ABRASIVES LTD
ORIENTBELL,OBL IS,ORIENT BELL LTD
ORIENTCEM,ORCMNT IS,ORIENT CEMENT LTD
ORIENTELEC,ORIENTEL IS,ORIENT ELECTRIC LTD
ORIENTLTD,OP IS,ORIENT PRESS LTD
ORIENTREF,ORIENT IS,ORIENT REFRACTORIES LTD
ORIENTBANK,OBC IS,ORIENTAL BANK OF COMMERCE
ORIENTHOT,OTH IS,ORIENTAL HOTELS LTD
ORIENTALTL,OTRI IS,ORIENTAL TRIMEX LTD
ORTEL,ORTEL IS,ORTEL COMMUNICATIONS LTD
ORTINLABSS,ORTL IS,ORTIN LABORATORIES LTD
OSWALAGRO,OWAM IS,OSWAL AGRO MILLS LTD
PAEL,PAE IS,PAE LTD
PAGEIND,PAG IS,PAGE INDUSTRIES LTD
PAISALO,PAISALO IS,PAISALO DIGITAL LTD
PALASHSECU,PALASH IS,PALASH SECURITIES LTD
PALREDTEC,PALT IS,PALRED TECHNOLOGIES LTD
PANACEABIO,PNCB IS,PANACEA BIOTEC LTD
PANAMAPET,PNPC IS,PANAMA PETROCHEM LTD
PARABDRUGS,PDL IS,PARABOLIC DRUGS LTD
PARAGMILK,PARAG IS,PARAG MILK FOODS LTD
PARSVNATH,PARSV IS,PARSVNATH DEVELOPERS LTD
PATELENG,PEC IS,PATEL ENGINEERING LTD
PATSPINLTD,PTS IS,PATSPIN INDIA LTD
PCJEWELLER,PCJL IS,PC JEWELLER LTD
PGIL,PGIL IS,PEARL GLOBAL INDUSTRIES LTD
PEARLPOLY,PRLP IS,PEARL POLYMERS LTD
PENINLAND,PENL IS,PENINSULA LAND LTD
PENIND,PSL IS,PENNAR INDUSTRIES LTD
PERSISTENT,PSYS IS,PERSISTENT SYSTEMS LTD
PETRONET,PLNG IS,PETRONET LNG LTD
PFIZER,PFIZ IS,PFIZER LTD
PGEL,PGEL IS,PG ELECTROPLAST LTD
PHILIPCARB,PHCB IS,PHILLIPS CARBON BLACK LTD
PIIND,PI IS,PI INDUSTRIES LTD
PIDILITIND,PIDI IS,PIDILITE INDUSTRIES LTD
PILITA,PIIL IS,PIL ITALICA LIFESTYLE LTD
PIONDIST,PND IS,PIONEER DISTILLERIES LTD
PIONEEREMB,PNE IS,PIONEER EMBROIDERIES LTD
PEL,PIEL IS,PIRAMAL ENTERPRISES LTD
PIRPHYTO,PPHL IS,PIRAMAL PHYTOCARE LTD
PITTIENG,PITTIENG IS,PITTI ENGINEERING LTD
PLASTIBLEN,PBL IS,PLASTIBLENDS INDIA LTD
PNBGILTS,PGLT IS,PNB GILTS LTD
PNBHOUSING,PNBHOUSI IS,PNB HOUSING FINANCE LTD
PNCINFRA,PNCL IS,PNC INFRATECH LTD
PODDARMENT,PPG IS,PODDAR PIGMENTS LTD
POKARNA,POKR IS,POKARNA LTD
POLYMED,PLM IS,POLY MEDICURE LTD
POLYCAB,POLYCAB IS,POLYCAB INDIA LTD
POLYPLEX,PPC IS,POLYPLEX CORPORATION LTD
POWERMECH,POWM IS,POWER MECH PROJECTS LTD
PPAP,PPAP IS,PPAP AUTOMOTIVE LTD
PRABHAT,PRABHAT IS,PRABHAT DAIRY LTD
PRADIP,PRAD IS,PRADIP OVERSEAS LTD
PRAJIND,PRJ IS,PRAJ INDUSTRIES LTD
PRAKASHCON,PRAK IS,PRAKASH CONSTROWELL LTD
PRAKASH,PKI IS,PRAKASH INDUSTRIES LTD
PPL,PRAKPIPE IS,PRAKASH PIPES LTD
PRAKASHSTL,PKSL IS,PRAKASH STEELAGE LTD
DIAMONDYD,DIAMOND IS,PRATAAP SNACKS LTD
PRAXIS,PRAXIS IS,PRAXIS HOME RETAIL LTD
PRECAM,PRECAM IS,PRECISION CAMSHAFTS LTD
PRECWIRE,PWI IS,PRECISION WIRES INDIA LTD
PRECOT,PRTM IS,PRECOT MERIDIAN LTD
PREMEXPLN,PRE IS,PREMIER EXPLOSIVES LTD
PREMIER,PREM IS,PREMIER LTD
PREMIERPOL,PRPF IS,PREMIER POLYFILM LTD
PRESSMN,PMAL IS,PRESSMAN ADVERTISING LTD
PRICOLLTD,PRICOL IS,PRICOL LTD
PFOCUS,PRIF IS,PRIME FOCUS LTD
PRIMESECU,PSEC IS,PRIME SECURITIES LTD
PRSMJOHNSN,PRSMJ IS,PRISM JOHNSON LTD
PGHL,PGHL IS,PROCTER & GAMBLE HEALTH LTD
PROSEED,PROSEED IS,PROSEED INDIA LTD
PROVOGE,PROV IS,PROVOGUE (INDIA) LTD
PROZONINTU,PROZONE IS,PROZONE INTU PROPERTIES LTD
PSL,PSLL IS,PSL LTD
PSPPROJECT,PSPPL IS,PSP PROJECTS LTD
PTC,PTCIN IS,PTC INDIA LTD
PTL,PTLE IS,PTL ENTERPRISES LTD
PDMJEPAPER,PDMJ IS,PUDUMJEE PAPER PRODUCTS LTD
PUNJLLOYD,PUNJ IS,PUNJ LLOYD LTD
PSB,PJSB IS,PUNJAB & SIND BANK
PNB,PNB IS,PUNJAB NATIONAL BANK
PURVA,PURVA IS,PURAVANKARA LTD
PVR,PVRL IS,PVR LTD
QUESS,QUESS IS,QUESS CORP LTD
QUICKHEAL,QUICKHEA IS,QUICK HEAL TECHNOLOGIES LTD
QUINTEGRA,QSL IS,QUINTEGRA SOLUTIONS LTD
RSYSTEMS,RSYS IS,R SYSTEMS INTERNATIONAL LTD
RPPINFRA,RPP IS,R.P.P. INFRA PROJECTS LTD
RADAAN,RMIL IS,RADAAN MEDIAWORKS INDIA LTD
RMCL,RMCL IS,RADHA MADHAV CORPORATION LTD
RADICO,RDCK IS,RADICO KHAITAN LTD
RVNL,RVNL IS,RAIL VIKAS NIGAM LTD
RAIN,RINDL IS,RAIN INDUSTRIES LTD
RAINBOWPAP,RBWP IS,RAINBOW PAPERS LTD
RAJRAYON,RJI IS,RAJ RAYON INDUSTRIES LTD
RAJTV,RAJT IS,RAJ TELEVISION NETWORK LTD
ARENTERP,ARE IS,RAJDARSHAN INDUSTRIES LTD
RAJESHEXPO,RJEX IS,RAJESH EXPORTS LTD
RAJVIR,RAJV IS,RAJVIR INDUSTRIES LTD
RALLIS,RALI IS,RALLIS INDIA LTD
RAMASTEEL,RASTL IS,RAMA STEEL TUBES LTD
RAMCOIND,RAMCO IS,RAMCO INDUSTRIES LTD
RAMCOSYS,RMCS IS,RAMCO SYSTEMS LTD
RAMGOPOLY,RGP IS,RAMGOPAL POLYTEX LTD
RKFORGE,RMKF IS,RAMKRISHNA FORGINGS LTD
RAMKY,RMKY IS,RAMKY INFRASTRUCTURE LTD
RANASUG,RANA IS,RANA SUGARS LTD
RBL,RABL IS,RANE BRAKE LINING LTD
RANEHOLDIN,RHL IS,RANE HOLDINGS LTD
RATNAMANI,RMT IS,RATNAMANI METALS & TUBES LTD
RTNPOWER,RTPOW IS,RATTANINDIA POWER LTD
RKDL,RKD IS,RAVI KUMAR DISTILLERIES LTD
RAYMOND,RW IS,RAYMOND LTD
RBLBANK,RBK IS,RBL BANK LTD
RECLTD,RECL IS,REC LTD
REFEX,REFX IS,REFEX INDUSTRIES LTD
REGENCERAM,RGC IS,REGENCY CERAMICS LTD
RELAXO,RLXF IS,RELAXO FOOTWEARS LTD
RELCAPITAL,RCAPT IS,RELIANCE CAPITAL LTD
RCOM,RCOM IS,RELIANCE COMMUNICATIONS LTD
RHFL,RELHOME IS,RELIANCE HOME FINANCE LTD
RELIANCE,RIL IS,RELIANCE INDUSTRIES LTD
RELINFRA,RELI IS,RELIANCE INFRASTRUCTURE LTD
RPOWER,RPWR IS,RELIANCE POWER LTD
RELIGARE,RELG IS,RELIGARE ENTERPRISES LTD
REMSONSIND,RSID IS,REMSONS INDUSTRIES LTD
RGL,RENGL IS,RENAISSANCE GLOBAL LTD
REPCOHOME,REPCO IS,REPCO HOME FINANCE LTD
REPRO,REPR IS,REPRO INDIA LTD
RESPONIND,RESP IS,RESPONSIVE INDUSTRIES LTD
REVATHI,RCP IS,REVATHI EQUIPMENT LTD
RICOAUTO,RAI IS,RICO AUTO INDUSTRIES LTD
RITES,RITE IS,RITES LTD
ROLLT,RLT IS,ROLLATAINERS LTD
ROLTA,RLTA IS,ROLTA INDIA LTD
ROSSELLIND,ROST IS,ROSSELL INDIA LTD
ROHLTD,ROHL IS,ROYAL ORCHID HOTELS LTD
RPGLIFE,RPGL IS,RPG LIFE SCIENCES LTD
RSWM,RJS IS,RSWM LTD
RUCHINFRA,CLFL IS,RUCHI INFRASTRUCTURE LTD
RUCHISOYA,RSI IS,RUCHI SOYA INDUSTRIES LTD
RUCHIRA,RUCP IS,RUCHIRA PAPERS LTD
RUPA,RUPA IS,RUPA & COMPANY LTD
RUSHIL,RDL IS,RUSHIL DECOR LTD
SADBHAV,SADE IS,SADBHAV ENGINEERING LTD
SAGCEM,SGC IS,SAGAR CEMENTS LTD
SAGARDEEP,SAGARDEE IS,SAGARDEEP ALLOYS LTD
SAKAR,SAKAR IS,SAKAR HEALTHCARE LTD
SAKSOFT,SAK IS,SAKSOFT LTD
SAKHTISUG,STSG IS,SAKTHI SUGARS LTD
SAKUMA,SAEL IS,SAKUMA EXPORTS LTD
SALONA,SALC IS,SALONA COTSPIN LTD
SALZERELEC,SZE IS,SALZER ELECTRONICS LTD
SAMBHAAV,PLS IS,SAMBHAAV MEDIA LTD
SANCO,SAIN IS,SANCO INDUSTRIES LTD
SANDHAR,SANDHAR IS,SANDHAR TECHNOLOGIES LTD
SANGAMIND,SNGM IS,SANGAM (INDIA) LTD
SANGHIIND,SNGI IS,SANGHI INDUSTRIES LTD
SANGHVIMOV,SGM IS,SANGHVI MOVERS LTD
SANOFI,SANL IS,SANOFI INDIA LTD
SANWARIA,SANWCL IS,SANWARIA CONSUMER LTD
SARDAEN,SEML IS,SARDA ENERGY & MINERALS LTD
SAREGAMA,SARE IS,SAREGAMA INDIA LTD
SARLAPOLY,SRPL IS,SARLA PERFORMANCE FIBERS LTD
SASKEN,SASKEN IS,SASKEN TECHNOLOGIES LTD
SASTASUNDR,SASV IS,SASTASUNDAR VENTURES LTD
SATHAISPAT,SVI IS,SATHAVAHANA ISPAT LTD
SATIN,SATIN IS,SATIN CREDITCARE NETWORK LTD
SOTL,STEC IS,SAVITA OIL TECHNOLOGIES LTD
SCHAEFFLER,SCHFL IS,SCHAEFFLER INDIA LTD
SEAMECLTD,SEAM IS,SEAMEC LTD
SEQUENT,SEQ IS,SEQUENT SCIENTIFIC LTD
SETCO,SETC IS,SETCO AUTOMOTIVE LTD
SHAHALLOYS,SA IS,SHAH ALLOYS LTD
SHAKTIPUMP,SKPI IS,SHAKTI PUMPS (INDIA) LTD
SHALBY,SHALBY IS,SHALBY LTD
SHALPAINTS,SHP IS,SHALIMAR PAINTS LTD
SHANTIGEAR,SG IS,SHANTHI GEARS LTD
SHARDACROP,SHCR IS,SHARDA CROPCHEM LTD
SHARDAMOTR,SHMO IS,SHARDA MOTOR INDUSTRIES LTD
SFL,SFL IS,SHEELA FOAM LTD
SPYL,SPYL IS,SHEKHAWATI POLY-YARN LTD
SHEMAROO,SHEM IS,SHEMAROO ENTERTAINMENT LTD
SHILPAMED,SLPA IS,SHILPA MEDICARE LTD
SHIRPUR-G,ATRI IS,SHIRPUR GOLD REFINERY LTD
SHIVAMILLS,SHIVAML IS,SHIVA MILLS LTD
SHIVATEX,SVTY IS,SHIVA TEXYARN LTD
SHIVAMAUTO,SVAT IS,SHIVAM AUTOTECH LTD
SHOPERSTOP,SHOP IS,SHOPPERS STOP LTD
SHREECEM,SRCM IS,SHREE CEMENT LTD
SHREERAMA,SRMT IS,SHREE RAMA MULTI-TECH LTD
RAMANEWS,RNSP IS,SHREE RAMA NEWSPRINT LTD
RENUKA,SHRS IS,SHREE RENUKA SUGARS LTD
SHREYANIND,SHYI IS,SHREYANS INDUSTRIES LTD
SHRIRAMEPC,SEPC IS,SHRIRAM EPC LTD
SHRIPISTON,SPRL IS,SHRIRAM PISTONS & RINGS LTD
SHYAMCENT,SCFL IS,SHYAM CENTURY FERROUS LTD
SHYAMTEL,SHY IS,SHYAM TELECOM LTD
SICAGEN,SICI IS,SICAGEN INDIA LTD
SICAL,SICL IS,SICAL LOGISTICS LTD
SIEMENS,SIEM IS,SIEMENS LTD
SIGIND,SGOS IS,SIGNET INDUSTRIES LTD
SILINV,SIIN IS,SIL INVESTMENTS LTD
SIMPLEXINF,SINF IS,SIMPLEX INFRASTRUCTURES LTD
SINTEX,SINT IS,SINTEX INDUSTRIES LTD
SITASHREE,SSFP IS,SITA SHREE FOOD PRODUCTS LTD
SITINET,SITINET IS,SITI NETWORKS LTD
SIYSIL,SIYA IS,SIYARAM SILK MILLS LTD
SJVN,SJVN IS,SJVN LTD
SKFINDIA,SKF IS,SKF INDIA LTD
SKIL,SKIL IS,SKIL INFRASTRUCTURE LTD
SKIPPER,SKIPPER IS,SKIPPER LTD
SMARTLINK,SHDSL IS,SMARTLINK HOLDINGS LTD
SMLISUZU,SM IS,SML ISUZU LTD
SMSLIFE,SMSLIFE IS,SMS LIFESCIENCES INDIA LTD
SMSPHARMA,SMSPH IS,SMS PHARMACEUTICALS LTD
SNOWMAN,SNLL IS,SNOWMAN LOGISTICS LTD
SOBHA,SOBHA IS,SOBHA LTD
SOLARINDS,SOIL IS,SOLAR INDUSTRIES INDIA LTD
SOMANYCERA,SOMC IS,SOMANY CERAMICS LTD
SOMICONVEY,SCBL IS,SOMI CONVEYOR BELTINGS LTD
SONATSOFTW,SSOF IS,SONATA SOFTWARE LTD
SORILINFRA,SORI IS,SORIL INFRA RESOURCES LTD
SPECIALITY,SRL IS,SPECIALITY RESTAURANTS LTD
SPENCERS,SPENCER IS,SPENCER'S RETAIL LTD
SPENTEX,SPTI IS,SPENTEX INDUSTRIES LTD
SPICEMOBI,SPCEM IS,SPICE MOBILITY LTD
SPLIL,SPLI IS,SPL INDUSTRIES LTD
SMPL,SMPLTD IS,SPLENDID METAL PRODUCTS LTD
SPMLINFRA,SPML IS,SPML INFRA LTD
SREEL,SREE IS,SREELEATHERS LTD
SRF,SRF IS,SRF LTD
SRIPIPES,SRIK IS,SRIKALAHASTHI PIPES LTD
SRSLTD,SRSLT IS,SRS LTD
SCAPDVR,SCAP IS,STAMPEDE CAPITAL LTD
SIL,STD IS,STANDARD INDUSTRIES LTD
STARCEMENT,STRCEM IS,STAR CEMENT LTD
STARPAPER,STPM IS,STAR PAPER MILLS LTD
SBIN,SBIN IS,STATE BANK OF INDIA
STEELXIND,SEIL IS,STEEL EXCHANGE INDIA LTD
SSWL,SSW IS,STEEL STRIPS WHEELS LTD
STEL,STEL IS,STEL HOLDINGS LTD
STERTOOLS,STRT IS,STERLING TOOLS LTD
STRTECH,SOTL IS,STERLITE TECHNOLOGIES LTD
STINDIA,STIB IS,STI INDIA LTD
SGL,SHGL IS,STL GLOBAL LTD
STAR,STR IS,STRIDES PHARMA SCIENCE LTD
SUBEX,SUBX IS,SUBEX LTD
SUBROS,SUBR IS,SUBROS LTD
SUMEETINDS,SUMT IS,SUMEET INDUSTRIES LTD
SUMMITSEC,SUMM IS,SUMMIT SECURITIES LTD
SUNTV,SUNTV IS,SUN TV NETWORK LTD
SUNDRMBRAK,SBL IS,SUNDARAM BRAKE LININGS LTD
SUNCLAYLTD,SDC IS,SUNDARAM CLAYTON LTD
SUNDARMFIN,SUF IS,SUNDARAM FINANCE LTD
SUNDARAM,SMUL IS,SUNDARAM MULTI PAP LTD
SUNDRMFAST,SF IS,SUNDRAM FASTENERS LTD
SUNILHITEC,SUHE IS,SUNIL HITECH ENGINEERS LTD
SUNTECK,SRIN IS,SUNTECK REALTY LTD
SUPERHOUSE,SUPL IS,SUPERHOUSE LTD
SUPRAJIT,SEL IS,SUPRAJIT ENGINEERING LTD
SUPREMEIND,SI IS,SUPREME INDUSTRIES LTD
SUPPETRO,SPPT IS,SUPREME PETROCHEM LTD
SURANASOL,SURA IS,SURANA SOLAR LTD
SURYAROSNI,SYR IS,SURYA ROSHNI LTD
SUVEN,SVLS IS,SUVEN LIFE SCIENCES LTD
SUZLON,SUEL IS,SUZLON ENERGY LTD
SWANENERGY,SWAN IS,SWAN ENERGY LTD
SWARAJENG,SWE IS,SWARAJ ENGINES LTD
SWELECTES,SESL IS,SWELECT ENERGY SYSTEMS LTD
SYMPHONY,SYML IS,SYMPHONY LTD
SYNCOM,SHCL IS,SYNCOM HEALTHCARE LTD
SYNDIBANK,SNDB IS,SYNDICATE BANK
SYNGENE,SYNG IS,SYNGENE INTERNATIONAL LTD
TAJGVK,TAJG IS,TAJ GVK HOTELS & RESORTS LTD
TAKE,TAKE IS,TAKE SOLUTIONS LTD
TALWGYM,TALWGYM IS,TALWALKARS HEALTHCLUBS LTD
TNPETRO,TNPP IS,TAMILNADU PETROPRODUCTS LTD
TANLA,TANS IS,TANLA SOLUTIONS LTD
TARAJEWELS,TARAJ IS,TARA JEWELS LTD
TARAPUR,TTRAN IS,TARAPUR TRANSFORMERS LTD
TARMAT,TARL IS,TARMAT LTD
TASTYBITE,TSTY IS,TASTY BITE EATABLES LTD
TATACHEM,TTCH IS,TATA CHEMICALS LTD
TATACOFFEE,TCO IS,TATA COFFEE LTD
TATACOMM,TCOM IS,TATA COMMUNICATIONS LTD
TATAELXSI,TELX IS,TATA ELXSI LTD
TATAGLOBAL,TGBL IS,TATA GLOBAL BEVERAGES LTD
TATAMETALI,TML IS,TATA METALIKS LTD
TATAMOTORS,TTMT IS,TATA MOTORS LTD
TATASPONGE,TTSP IS,TATA SPONGE IRON LTD
TATASTLBSL,TATASTL IS,TATA STEEL BSL LTD
TATASTEEL,TATA IS,TATA STEEL LTD
TCIDEVELOP,TCID IS,TCI DEVELOPERS LTD
TCIEXP,TCIEXP IS,TCI EXPRESS LTD
TCIFINANCE,TCIF IS,TCI FINANCE LTD
TCPLPACK,TCPL IS,TCPL PACKAGING LTD
TDPOWERSYS,TDPS IS,TD POWER SYSTEMS LTD
TEAMLEASE,TEAM IS,TEAMLEASE SERVICES LTD
TECHM,TECHM IS,TECH MAHINDRA LTD
TECHIN,TEIN IS,TECHINDIA NIRMAN LTD
TECHNOFAB,TECE IS,TECHNOFAB ENGINEERING LTD
TEJASNET,TEJASNET IS,TEJAS NETWORKS LTD
TERASOFT,TERA IS,TERA SOFTWARE LTD
TEXMOPIPES,TEXMO IS,TEXMO PIPES AND PRODUCTS LTD
TGBHOTELS,TGBB IS,TGB BANQUETS AND HOTELS LTD
BYKE,BYKE IS,THE BYKE HOSPITALITY LTD
THEMISMED,TMCH IS,THEMIS MEDICARE LTD
THERMAX,TMX IS,THERMAX LTD
THIRUSUGAR,TAS IS,THIRU AROORAN SUGARS LTD
TIRUMALCHM,TMC IS,THIRUMALAI CHEMICALS LTD
THYROCARE,THYROCAR IS,THYROCARE TECHNOLOGIES LTD
TIJARIA,TPOL IS,TIJARIA POLYPIPES LTD
TIL,TIL IS,TIL LTD
TI,TLNGR IS,TILAKNAGAR INDUSTRIES LTD
TIMETECHNO,TIME IS,TIME TECHNOPLAST LTD
TIMESGTY,TGFI IS,TIMES GUARANTY LTD
TIMKEN,TMKN IS,TIMKEN INDIA LTD
TIPSINDLTD,TPS IS,TIPS INDUSTRIES LTD
TWL,TWL IS,TITAGARH WAGONS LTD
TORNTPHARM,TRP IS,TORRENT PHARMACEUTICALS LTD
TORNTPOWER,TPW IS,TORRENT POWER LTD
TPLPLASTEH,TPPL IS,TPL PLASTECH LTD
TFL,TRANF IS,TRANSWARRANTY FINANCE LTD
TREJHARA,TREJSL IS,TREJHARA SOLUTIONS LTD
TRENT,TRENT IS,TRENT LTD
TRF,TRF IS,TRF LTD
TRIDENT,TRID IS,TRIDENT LTD
TRIGYN,LES IS,TRIGYN TECHNOLOGIES LTD
TRITURBINE,TRIV IS,TRIVENI TURBINE LTD
TTKHLTCARE,TTKP IS,TTK HEALTHCARE LTD
TTKPRESTIG,TTKPT IS,TTK PRESTIGE LTD
TVTODAY,TVTN IS,TV TODAY NETWORK LTD
TVVISION,TVIS IS,TV VISION LTD
TV18BRDCST,TV18 IS,TV18 BROADCAST LTD
TVSELECT,TVSEL IS,TVS ELECTRONICS LTD
TVSSRICHAK,SRTY IS,TVS SRICHAKRA LTD
UCALFUEL,UCAL IS,UCAL FUEL SYSTEMS LTD
UCOBANK,UCO IS,UCO BANK
UFLEX,UFLX IS,UFLEX LTD
UFO,UFOM IS,UFO MOVIEZ INDIA LTD
UJAAS,UJEL IS,UJAAS ENERGY LTD
ULTRACEMCO,UTCEM IS,ULTRATECH CEMENT LTD
UMANGDAIRY,UMAN IS,UMANG DAIRIES LTD
UNICHEMLAB,UL IS,UNICHEM LABORATORIES LTD
UNIONBANK,UNBK IS,UNION BANK OF INDIA
UNIENTER,UPE IS,UNIPHOS ENTERPRISES LTD
UNIPLY,UNIP IS,UNIPLY INDUSTRIES LTD
UNITECH,UT IS,UNITECH LTD
UNITEDBNK,UNTDB IS,UNITED BANK OF INDIA
UBL,UBBL IS,UNITED BREWERIES LTD
MCDOWELL-N,UNSP IS,UNITED SPIRITS LTD
UNITY,UIP IS,UNITY INFRAPROJECTS LTD
UNIVCABLES,UVC IS,UNIVERSAL CABLES LTD
UPL,UPLL IS,UPL LTD
URJA,UGL IS,URJA GLOBAL LTD
USHAMART,USM IS,USHA MARTIN LTD
UTTAMSTL,UTTM IS,UTTAM GALVA STEELS LTD
UTTAMSUGAR,UTSM IS,UTTAM SUGAR MILLS LTD
UVSL,UVSL IS,UTTAM VALUE STEELS LTD
V2RETAIL,VREL IS,V2 RETAIL LTD
WABAG,VATW IS,VA TECH WABAG LTD
VADILALIND,VDI IS,VADILAL INDUSTRIES LTD
VAIBHAVGBL,VGM IS,VAIBHAV GLOBAL LTD
VAKRANGEE,VKI IS,VAKRANGEE LTD
VARDHACRLC,VAL IS,VARDHMAN ACRYLICS LTD
VHL,VARH IS,VARDHMAN HOLDINGS LTD
VARDMNPOLY,VP IS,VARDHMAN POLYTEX LTD
VSSL,VSSL IS,VARDHMAN SPECIAL STEELS LTD
VTL,VTEX IS,VARDHMAN TEXTILES LTD
VARROC,VARROC IS,VARROC ENGINEERING LTD
VBL,VBL IS,VARUN BEVERAGES LTD
VASCONEQ,VSCN IS,VASCON ENGINEERS LTD
VASWANI,VAS IS,VASWANI INDUSTRIES LTD
VEDL,VEDL IS,VEDANTA LTD
VENKEYS,WH IS,VENKY'S (INDIA) LTD
VENUSREM,VNR IS,VENUS REMEDIES LTD
VESUVIUS,VI IS,VESUVIUS INDIA LTD
VGUARD,VGRD IS,V-GUARD INDUSTRIES LTD
VICEROY,PLHH IS,VICEROY HOTELS LTD
VIDEOIND,VCLF IS,VIDEOCON INDUSTRIES LTD
VIJIFIN,VFL IS,VIJI FINANCE LTD
VIKASECO,VKEC IS,VIKAS ECOTECH LTD
VIKASMCORP,VIKAS IS,VIKAS MULTICORP LTD
VIMALOIL,VOF IS,VIMAL OIL & FOODS LTD
VIMTALABS,VL IS,VIMTA LABS LTD
VINATIORGA,VO IS,VINATI ORGANICS LTD
VINDHYATEL,VT IS,VINDHYA TELELINKS LTD
VINYLINDIA,VNYL IS,VINYL CHEMICALS (INDIA) LTD
VIPCLOTHNG,VIPCL IS,VIP CLOTHING LTD
VIPULLTD,VPUL IS,VIPUL LTD
VISASTEEL,VISA IS,VISA STEEL LTD
VIVIDHA,VISP IS,VISAGAR POLYTEX LTD
VISAKAIND,VSKI IS,VISAKA INDUSTRIES LTD
VISESHINFO,VIS IS,VISESH INFOTECNICS LTD
VISHNU,VCL IS,VISHNU CHEMICALS LTD
VIVIMEDLAB,VILA IS,VIVIMED LABS LTD
VLSFINANCE,VLS IS,VLS FINANCE LTD
IDEA,IDEA IS,VODAFONE IDEA LTD
VOLTAMP,VAMP IS,VOLTAMP TRANSFORMERS LTD
VOLTAS,VOLT IS,VOLTAS LTD
VRLLOG,VRLL IS,VRL LOGISTICS LTD
VSTIND,VST IS,VST INDUSTRIES LTD
WABCOINDIA,WIL IS,WABCO INDIA LTD
WANBURY,WANB IS,WANBURY LTD
WEBELSOLAR,WESL IS,WEBSOL ENERGY SYSTEM LTD
WEIZFOREX,WEIZF IS,WEIZMANN FOREX LTD
WEIZMANIND,WEIZ IS,WEIZMANN LTD
WELCORP,WLCO IS,WELSPUN CORP LTD
WELSPUNIND,WLSI IS,WELSPUN INDIA LTD
WSTCSTPAPR,WCPM IS,WEST COAST PAPER MILLS LTD
WHEELS,WHL IS,WHEELS INDIA LTD
WHIRLPOOL,WHIRL IS,WHIRLPOOL OF INDIA LTD
WINDMACHIN,WML IS,WINDSOR MACHINES LTD
WINSOME,WSY IS,WINSOME YARNS LTD
WIPRO,WPRO IS,WIPRO LTD
WOCKPHARMA,WPL IS,WOCKHARDT LTD
WONDERLA,WONH IS,WONDERLA HOLIDAYS LTD
XCHANGING,XSL IS,XCHANGING SOLUTIONS LTD
XLENERGY,XLE IS,XL ENERGY LTD
XPROINDIA,XPRO IS,XPRO INDIA LTD
YESBANK,YES IS,YES BANK LTD
ZEELEARN,ZLL IS,ZEE LEARN LTD
ZEEMEDIA,ZEEN IS,ZEE MEDIA CORPORATION LTD
ZENTEC,ZEN IS,ZEN TECHNOLOGIES LTD
ZENITHEXPO,ZE IS,ZENITH EXPORTS LTD
ZENSARTECH,ZENT IS,ZENSAR TECHNOLOGIES LTD
ZUARI,ZUAC IS,ZUARI AGRO CHEMICALS LTD
ZUARIGLOB,ZUAR IS,ZUARI GLOBAL LTD
ZYDUSWELL,ZYWL IS,ZYDUS WELLNESS LTD
3RDROCK,3RML IS,3RD ROCK MULTIMEDIA LTD
ABNINT,ABNI IS,A B N INTERCORP LTD
AAKASH,AAKASH IS,AAKASH EXPLORATION SERVICES
AARON,AARON IS,AARON INDUSTRIES LTD
AARVI,AARVI IS,AARVI ENCON LTD
ABGSHIP,ABGS IS,ABG SHIPYARD LTD
ABHISHEK,ABSC IS,ABHISHEK CORPORATION LTD
ACCORD,ACCORD IS,ACCORD SYNERGY LTD
ACCURACY,ACCURACY IS,ACCURACY SHIPPING LTD
ACEINTEG,ACEINTEG IS,ACE INTEGRATED SOLUTIONS LTD
AHIMSA,AHIMSA IS,AHIMSA INDUSTRIES LTD
AHLADA,AHLADA IS,AHLADA ENGINEERS LTD
AIROLAM,AIROLAM IS,AIRO LAM LTD
AJOONI,AJOONI IS,AJOONI BIOTECH LTD
AKASH,AKASHI IS,AKASH INFRA-PROJECTS LTD
AKG,AKGE IS,AKG EXIM LTD
ALMONDZ,AGSL IS,ALMONDZ GLOBAL SECURITIES LT
AMAR,AMAR IS,AMAR REMEDIES LTD
AMBANIORG,AMBORG IS,AMBANI ORGANICS LTD
AMBICAAGAR,AMBA IS,AMBICA AGARBATHIES AROMA & I
ASIL,AMSP IS,AMIT SPINNING INDS LTD
AMTEKAUTO,AMTK IS,AMTEK AUTO LTD
ANDHRSUGAR,ASG IS,ANDHRA SUGARS LTD
ANGIND,ANGI IS,ANG INDUSTRIES LTD
AISL,AISL IS,ANI INTEGRATED SERVICES LTD
ANUP,ANUP IS,ANUP ENGINEERING LIMITED/THE
APOLLOHOSP,APHS IS,APOLLO HOSPITALS ENTERPRISE
ARIHANT,AFH IS,ARIHANT FOUNDATIONS & HOUSIN
ARSSINFRA,ARSS IS,ARSS INFRASTRUCTURE PROJECTS
ARTNIRMAN,ANL IS,ART NIRMAN LTD
ARTEDZ,ARTEDZ IS,ARTEDZ FABS LTD
AGLSL,AGLSL IS,ARTEMIS GLOBAL LIFE SCIENCE
ARVEE,ARVEE IS,ARVEE LABORATORIES INDIA LTD
AIFL,AIFL IS,ASHAPURA INTIMATES FASHION L
AHLEAST,AHEL IS,ASIAN HOTELS EAST LTD
ASIANHOTNR,AHOT IS,ASIAN HOTELS NORTH LTD
AHLWEST,AHWL IS,ASIAN HOTELS WEST LTD
ASLIND,ASLIND IS,ASL INDUSTRIES LTD
ASPINWALL,ASPINWAL IS,ASPINWALL & CO LTD/INDIA
ASSAMCO,ASAM IS,ASSAM CO INDIA LTD
ASTRON,ASTRON IS,ASTRON PAPER & BOARD MILL LT
ATCOM,ATCO IS,ATCOM TECHNOLOGIES LTD
ATLANTA,ALTA IS,ATLANTA LTD
ATLASCYCLE,ATCY IS,ATLAS CYCLES HARYANA LTD
ATNINTER,AHC IS,ATN INTERNATIONAL LTD
AURDIS,AURDIS IS,AURANGABAD DISTILLERY LTD
ASAL,ATSA IS,AUTOMOTIVE STAMPINGS & ASSEM
AUTORIDFIN,ATRD IS,AUTORIDERS FINANCE LTD
AVENTUS,AVENTUS IS,AVENTUS BUILDCON LTD
AVG,AVG IS,AVG LOGISTICS LTD
AVONMPL,AVONMPL IS,AVON MOLDPLAST LTD
AVSL,AVSL IS,AVSL INDUSTRIES LTD
AXISCADES,AXET IS,AXISCADES ENGINEERING TECHNO
BBTCL,BBTCL IS,B&B TRIPLEWALL CONTAINERS LT
BAGFILMS,BAGF IS,B.A.G. FILMS & MEDIA LTD
BABAFOOD,BABAFOOD IS,BABA AGRO FOOD LTD
BAJAJHLDNG,BJHI IS,BAJAJ HOLDINGS AND INVESTMEN
BALMLAWRIE,BLCL IS,BALMER LAWRIE & CO LTD
BANCOINDIA,BNCO IS,BANCO PRODUCTS (INDIA) LTD
BANKA,BANKA IS,BANKA BIOLOO LTD
BASML,BASM IS,BANNARI AMMAN SPINNING MILLS
BANSAL,BANSAL IS,BANSAL MULTIFLEX LTD
BDR,BDRB IS,BDR BUILDCON LTD
BERGEPAINT,BRGR IS,BERGER PAINTS INDIA LTD
BETA,BETADR IS,BETA DRUGS LTD
BHALCHANDR,BHCL IS,BHALCHANDRAM CLOTHING LTD
BHANDARI ,BHX IS,BHANDARI HOSIERY EXPORTS
BEPL,BEPL IS,BHANSALI ENGINEERNG POLYMER
BHARATFIN,BHAFIN IS,BHARAT FINANCIAL INCLUSION L
BHEL,BHEL IS,BHARAT HEAVY ELECTRICALS
BPCL,BPCL IS,BHARAT PETROLEUM CORP LTD
BHARATIDIL,BHDIL IS,BHARATI DEFENCE AND INFRASTR
BGLOBAL,BGIL IS,BHARATIYA GLOBAL INFOMEDIA L
BILPOWER,BILP IS,BILPOWER LTD
BIOFILCHEM,BFC IS,BIOFIL CHEMICALS & PHARMS
BIRLACORPN,BCORP IS,BIRLA CORP LTD
BLS,BLSIN IS,BLS INTERNATIONAL LTD
BLUEBLENDS,BLB IS,BLUE BLENDS (INDIA) LTD
BLUECHIP ,BLCI IS,BLUE CHIP INDIA LTD
BOHRA,BOHRA IS,BOHRA INDUSTRIES LTD
BBTC,BBTC IS,BOMBAY BURMAH TRADING CORP
BOMDYEING,BD IS,BOMBAY DYEING & MFG CO LTD
BSHSL,BSHSL IS,BOMBAY SUPER HYBRID SEEDS LT
BCONCEPTS,BCONCEPT IS,BRAND CONCEPTS LTD
BRIGHT,BRIGHT IS,BRIGHT SOLAR LTD
BSLIMITED,BSTL IS,BS LTD
BSELINFRA,BSEL IS,BSEL INFRASTRUCTURE REALTY
BUTTERFLY ,BGAL IS,BUTTERFLY GANDHIMATHI APPLIA
CADSYS ,CADSYS IS,CADSYS INDIA LTD
CALSOFT,CFSC IS,CALIFORNIA SOFTWARE CO LTD
CTE,CTECH IS,CAMBRIDGE TECHNOLOGY ENTERPR
CAPLIPOINT,CLPL IS,CAPLIN POINT LABORATORIES
CCL,CCLP IS,CCL PRODUCTS INDIA LTD
CDSL,CDSL IS,CENTRAL DEPOSITORY SERVICES
CENTURYPLY,CPBI IS,CENTURY PLYBOARDS INDIA LTD
CENTURYTEX,CENT IS,CENTURY TEXTILES & INDS LTD
CEREBRAINT,CIT IS,CEREBRA INTEGRATED TECH LTD
CGPOWER,CGPOWER IS,CG POWER AND INDUSTRIAL SOLU
CHAMBLFERT,CHMB IS,CHAMBAL FERTILISERS & CHEM
CHENNPETRO,MRL IS,CHENNAI PETROLEUM CORP LTD
CHOLAFIN,CHOLAHLD IS,CHOLAMANDALAM FINANCIAL HOLD
CHOLAHLDNG,CIFC IS,CHOLAMANDALAM INVESTMENT AND
CKPLEISURE,CKPLEISU IS,CKP LEISURE LTD
CKPPRODUCT,CKP IS,CKP PRODUCTS LTD
CLNINDIA,CLRC IS,CLARIANT CHEMICALS (I) LTD
CMMIPL,CMMI IS,CMM INFRAPROJECTS LTD
COLPAL,CLGT IS,COLGATE PALMOLIVE (INDIA)
CEBBCO,CEBB IS,COMMERCIAL ENGINEERS & BODY
CONFIPET,CONF IS,CONFIDENCE PETROLEUM INDIA
CCCL,CCCL IS,CONSOLIDATED CONSTRUCTION CO
CONSOFINVT,CDFH IS,CONSOLIDATED FINVEST & HLDG
CONCOR,CCRI IS,CONTAINER CORP OF INDIA LTD
CONTI,CONTI IS,CONTINENTAL SEEDS AND CHEMIC
CORALFINAC,CIFH IS,CORAL INDIA FINANCE & HOUSIN
CCHHL,CCHH IS,COUNTRY CLUB HOSPITALITY & H
CKFSL,CKFSL IS,COX & KINGS FINANCIAL SERVIC
COX&KINGS,COXK IS,COX AND KINGS LTD
CREATIVE,CREATIVE IS,CREATIVE PERIPHERALS AND DIS
CROMPTON,CROMPTON IS,CROMPTON GREAVES CONSUMER EL
CROWN,CROWN IS,CROWN LIFTERS LTD
CYBERMEDIA,CYBM IS,CYBER MEDIA INDIA LTD
CYBERTECH ,CYBT IS,CYBERTECH SYSTEMS & SOFTWARE
DPABHUSHAN,DPAL IS,D P ABHUSHAN LTD
DBCORP,DBCL IS,D.B. CORP LTD
DSKULKARNI,DSK IS,D.S. KULKARNI DEVELOPERS
DALMIASUG,DCB IS,DALMIA BHARAT SUGAR & INDUST
DANGEE,DANGEE IS,DANGEE DUMS LTD
DATAMATICS,DATA IS,DATAMATICS GLOBAL SERVICES
DBSTOCKBRO,DBISB IS,DB INTL STOCK BROKERS LTD
DCMFINSERV,DCMFS IS,DCM FINANCIAL SERVICES
DCM,DCM IS,DCM LTD
DSML,DSML IS,DEBOCK SALES & MKTG LTD
DEEPAKFERT,DFPC IS,DEEPAK FERTILISERS & PETRO
DENSO INDI,SRFN IS,DENSO INDIA LTD
DEVIT,DEVIT IS,DEV INFORMATION TECHNOLOGY L
DHFL,DEWH IS,DEWAN HOUSING FINANCE CORP
DRL,DHRL IS,DHANUKA REALTY LTD
DHARSUGAR,DSC IS,DHARANI SUGARS & CHEMICALS
DTIL,DTIL IS,DHUNSERI TEA & INDUSTRIES LT
DNAMEDIA,DNAMEDIA IS,DILIGENT MEDIA CORP LTD
DIXON,DIXON IS,DIXON TECHNOLOGIES INDIA LTD
DLINKINDIA,DLINK IS,D-LINK INDIA LTD
DOLPHINOFF,DOEI IS,DOLPHIN OFFSHORE ENTERPRISES
DPWIRES,DPWIRES IS,DP WIRES LTD
DQE,DQE IS,DQ ENTERTAINMENT INTL LTD
LALPATHLAB,DLPL IS,DR LAL PATHLABS LTD
DRREDDY,DRRD IS,DR. REDDY'S LABORATORIES
DREDGECORP,DCIL IS,DREDGING CORP OF INDIA LTD
DRSDILIP,DRSDILIP IS,DRS DILIP ROADLINES LTD
DALALSTCOM,DLSC IS,DSJ COMMUNICATIONS LTD
DUCON,DUCON IS,DUCON INFRATECHNOLGIES LTD
DWARKESH,DSIL IS,DWARIKESH SUGAR INDUS LTD
DSSL,DYCS IS,DYNACONS SYSTEMS & SOLUTIONS
E2E,E2E IS,E2E NETWORKS LTD
EDELWEISS,EDEL IS,EDELWEISS FINANCIAL SERVICES
EIHAHOTELS,OAH IS,EIH ASSOCIATED HOTELS
EIMCOELECO,EEI IS,EIMCO ELECON INDIA LTD
ELECON,ELCN IS,ELECON ENGINEERING CO LTD
ELECTHREM,ELT IS,ELECTROTHERM INDIA LTD
EMBASSY,EMBASSY IS,EMBASSY OFFICE PARKS REIT
EMKAY TAPS,EMKAY IS,EMKAY GLOBAL FINANCIAL SERV
EMKAYTOOLS,EMKT IS,EMKAY TAPS & CUTTING TOOLS L
ENERGYDEV,ENGY IS,ENERGY DEVELOPMENT CO
ENTEGRA,EIL IS,ENTEGRA LTD
ENIL,ENIL IS,ENTERTAINMENT NETWORK INDIA
EQUITAS,EQUITAS IS,EQUITAS HOLDINGS LTD/INDIA
EIFFL,EIFFL IS,EURO INDIA FRESH FOODS LTD
EUROTEXIND,EIE IS,EUROTEX INDS & EXPORTS LTD
EVEREADY,EVRIN IS,EVEREADY INDUSTRIES INDIA
FARMAXIND,FARM IS,FARMAX INDIA LTD
FEDDERELEC,FEDDERE IS,FEDDERS ELECTRIC AND ENGINEE
FEDERALBNK,FB IS,FEDERAL BANK LTD
FMGOETZE,FMGI IS,FEDERAL-MOGUL GOETZE INDIA
FELIX,FELIX IS,FELIX INDUSTRIES LTD
FACT,FCT IS,FERTILISERS & CHEM TRAVANCR
FIRSTWIN,FWIL IS,FIRST WINNER INDUSTRIES LTD
FIVECORE,FIVECORE IS,FIVE CORE ELECTRONICS LTD
FLEXITUFF,FLEXI IS,FLEXITUFF VENTURES INTERNATI
FOCUS,FOCUS IS,FOCUS LIGHTING & FIXTURES LT
FOURTHDIM,FDSL IS,FOURTH DIMENSION SOLUTIONS L
FLFL,FLFL IS,FUTURE LIFESTYLE FASHIONS LT
FSC,FSCSL IS,FUTURE SUPPLY CHAIN SOLUTION
GAIL,GAIL IS,GAIL INDIA LTD
GAMMONIND,GMON IS,GAMMON INDIA LTD
GAMMINFRA,GISP IS,GAMMON INFRASTRUCTURE PROJEC
GANESHHOUC,GHFC IS,GANESH HOUSING CORP LTD
GANGAFORGE,GANGAFOR IS,GANGA FORGING LTD
GRSE,GRSE IS,GARDEN REACH SHIPBUILDERS &
GEEKAYWIRE,GEEKAY IS,GEEKAY WIRES LTD
GEMINI,GMCM IS,GEMINI COMMUNICATIONS LTD
GICRE,GICRE IS,GENERAL INS CORP OF INDIA
GENESYS,GENE IS,GENESYS INTL CORP LTD
GENUSPAPER,GPBL IS,GENUS PAPER & BOARD LTD
GENUSPOWER,GPIN IS,GENUS POWER INFRASTRUCTURES
GEOJITFSL,GEOFSL IS,GEOJIT FINANCIAL SERVICES LT
GEOMETRIC,GEO IS,GEOMETRIC LTD
GILLANDERS,GILLA IS,GILLANDERS ARBUTHNOT & CO
GIRRESORTS,GIR IS,GIR NATURE VIEW RESORTS LTD
GIRIRAJ,GIRIRAJ IS,GIRIRAJ CIVIL DEVELOPERS LTD
GITANJALI,GITG IS,GITANJALI GEMS LTD
GSKCONS,SKB IS,GLAXOSMITHKLINE CONSUMER HEA
GLAXO,GLXO IS,GLAXOSMITHKLINE PHARMACEUTIC
GLOBAL,GLOBAL IS,GLOBAL EDUCATION LTD
GICL,GICL IS,GLOBE INTERNATIONAL CARRIERS
GLOBE,GLOBETX IS,GLOBE TEXTILES INDIA LTD
GOCLCORP,GOCL IS,GOCL CORP LTD
GODHA,GODHA IS,GODHA CABON&INSULATION LTD
GOENKA,GDJ IS,GOENKA DIAMOND & JEWELS LTD
GOKUL,GRSL IS,GOKUL REFOILS & SOLVENT LTD
GOLDSTAR,GOLDSTAR IS,GOLDSTAR POWER LTD
GPTINFRA,GPT IS,GPT INFRAPROJETCS LTD
GRANDFONRY,GRF IS,GRAND FOUNDRY LTD
GESHIP,GESCO IS,GREAT EASTERN SHIPPING CO
GRETEX,GRETEX IS,GRETEX INDUSTRIES LTD
GROBTEA,GROBTEA IS,GROB TEA CO LTD/ THE
GUJALKALI,GALK IS,GUJARAT ALKALIES & CHEMICALS
GUJAPOLLO,GAPI IS,GUJARAT APOLLO INDUSTRIES LT
GIPCL,GIP IS,GUJARAT INDS POWER CO LTD
GMDCLTD,GMDC IS,GUJARAT MINERAL DEV CORP LTD
GNFC,GNFC IS,GUJARAT NARMADA VALLEY FERT
GUJNRECOKE,GNC IS,GUJARAT NRE COKE LTD
GUJRAFFIA,GRAF IS,GUJARAT RAFFIA INDUSTRIES
GSFC,GSFC IS,GUJARAT STATE FERT & CHEMICA
GULFOILLUB,GOLI IS,GULF OIL LUBRICANTS INDIA LT
GVKPIL,GVKP IS,GVK POWER & INFRASTRUCTURE
HANUNG,HTT IS,HANUNG TOYS & TEXTILES LTD
HARRMALAYA,HRM IS,HARRISONS MALAYALAM LTD
HATHWAY,HATH IS,HATHWAY CABLE AND DATACOM
HDFCAMC,HDFCAMC IS,HDFC ASSET MANAGEMENT CO LTD
HDFCLIFE,HDFCLIFE IS,HDFC LIFE INSURANCE CO LTD
HCG,HCG IS,HEALTHCARE GLOBAL ENTERPRISE
HECPROJECT,HECI IS,HEC INFRA PROJECTS LTD
HGINFRA,HGINFRA IS,HG INFRA ENGINEERING LTD
HFCL,HMFC IS,HIMACHAL FUTURISTIC COMMUN
HSCL,HSCH IS,HIMADRI SPECIALITY CHEMICAL
HINDCON,HINDCON IS,HINDCON CHEMICALS LTD
HINDUJAFO,ENOR IS,HINDUJA FOUNDRIES LTD
HCC,HCC IS,HINDUSTAN CONSTRUCTION CO
HINDOILEXP,HOE IS,HINDUSTAN OIL EXPLORATION CO
HINDPETRO,HPCL IS,HINDUSTAN PETROLEUM CORP
HINDNATGLS,HNGI IS,HINDUSTHAN NATL GLASS & INDU
HIRAFERRO,HFAL IS,HIRA FERRO ALLOYS LTD
HITECHCORP,HTCORP IS,HITECH CORP LTD
HITECHGEAR,HTG IS,HI-TECH GEARS LTD/THE
HONDAPOWER,SHH IS,HONDA SIEL POWER PRODUCTS
HONAUT,HWA IS,HONEYWELL AUTOMATION INDIA
HOTELEELA,LELA IS,HOTEL LEELAVENTURE LTD
HUDCO,HUDCO IS,HOUSING & URBAN DEV CORP LTD
HDIL,HDIL IS,HOUSING DEVELOPMENT & INFRAS
HDFC,HDFC IS,HOUSING DEVELOPMENT FINANCE
HUSYSLTD,HUSCL IS,HUSYS CONSULTING LTD
IGPL,IGPL IS,I.G. PETROCHEMICALS LTD
ICDSLTD,ICDS IS,ICDS LTD
ICEMAKE,ICEMAKE IS,ICE MAKE REFRIGERATION LTD
ICICIGI,ICICIGI IS,ICICI LOMBARD GENERAL INSURA
ICICIPRULI,IPRU IS,ICICI PRUDENTIAL LIFE INSURA
ICSA,AURFI IS,ICSA INDIA LTD
IVC,ILFS IS,IL & FS INVESTMENT MANAGERS
ILFSENGG,IECC IS,IL&FS ENGINEERING AND CONSTR
ILFSTRANS,ILFT IS,IL&FS TRANSPORTATION NETWORK
INDSWFTLTD,INSW IS,IND SWIFT LTD
INDBANK,IMBS IS,INDBANK MERCHANT BANKING SER
INDIACEM,ICEM IS,INDIA CEMENTS LTD
INDIGRID,INDIGRID IS,INDIA GRID TRUST
IMPAL,IMPL IS,INDIA MOTOR PARTS & ACCESSOR
ITDC,ITDC IS,INDIA TOURISM DEVELOPMENT
IBULHSGFIN,IHFL IS,INDIABULLS HOUSING FINANCE L
IBULISL,IBULISL IS,INDIABULLS INTEGRATED SERVIC
INDIANCARD,ICC IS,INDIAN CARD CLOTHING CO LTD
INDHOTEL,IH IS,INDIAN HOTELS CO LTD
INDIANHUME,INHP IS,INDIAN HUME PIPE CO LTD
IMFA,IMFA IS,INDIAN METALS & FERRO ALLOY
IOC,IOCL IS,INDIAN OIL CORP LTD
INDINFR,INDINFR IS,INDINFRAVIT TRUST
INDORAMA,IRS IS,INDO RAMA SYNTHETICS (I)
INDRAMEDCO,IPMC IS,INDRAPRASTHA MEDICAL CORP LT
IITL,IIT IS,INDUSTRIAL INVESTMENT TRUST
NAUKRI,INFOE IS,INFO EDGE INDIA LTD
INFOBEAN,INBT IS,INFOBEANS TECHNOLOGIES LTD
INFOMEDIA,INFL IS,INFOMEDIA PRESS LTD
INGERRAND,INGR IS,INGERSOLL-RAND INDIA LTD
INNOVANA,INNOVANA IS,INNOVANA THINKLABS LTD
INNOVATIVE,INNOVAT IS,INNOVATIVE TYRES & TUBES LTD
INSECTICID,INST IS,INSECTICIDES INDIA LTD
INTEGRA,INTG IS,INTEGRA GARMENTS AND TEXTILE
SUBCAPCITY,NSCC IS,INTERNATIONAL CONSTRUCTIONS
INVENTURE,IGSL IS,INVENTURE GROWTH & SECURITIE
THEINVEST,THEINVES IS,INVESTMENT TRUST OF INDIA LT
IOLCP,ICP IS,IOL CHEMICALS AND PHARMA LTD
IRB,IRB IS,IRB INFRASTRUCTURE DEVELOPER
IRBINVIT,IRBINVIT IS,IRB INVIT FUND
IRISDOREME,IRISDORE IS,IRIS CLOTHINGS LTD
JBCHEPHARM,JBCP IS,J.B. CHEMICALS & PHARMA LTD
JAGSNPHARM,JGPH IS,JAGSONPAL PHARMACEUTICALS
JISLJALEQS,65033Q IS,JAIN IRRIGATION SYSTEMS LTD.
JPPOWER,JPVL IS,JAIPRAKASH POWER VENTURES LT
JAKHARIA,JAKHARIA IS,JAKHARIA FABRIC PVT LTD
JALAN,JALTR IS,JALAN TRANSOLUTIONS INDIA LT
J&KBANK,JKBK IS,JAMMU & KASHMIR BANK LTD
JASH,JASH IS,JASH ENGINEERING LTD
JAYAGROGN,JAO IS,JAYANT AGRO-ORGANICS LTD
JAYSREETEA,JTI IS,JAYSHREE TEA & INDUSTRIES
JETAIRWAYS,JETIN IS,JET AIRWAYS INDIA LTD
JETFREIGHT,JETFRGHT IS,JET FREIGHT LOGISTICS LTD
JETKNIT,JETKNIT IS,JET KNITWEARS LTD
JHS,JHSL IS,JHS SVENDGAARD LABORATORIES
JINDRILL,JDDL IS,JINDAL DRILLING & INDUS LTD
JPOLYINVST,JPIF IS,JINDAL POLY INVESTMENTS AND
JSLHISAR,JSHL IS,JINDAL STAINLESS HISAR LTD
JMCPROJECT,JMCP IS,JMC PROJECTS (INDIA) LTD
JCHAC,JCHAC IS,JOHNSON CONTROLS HITACHI AIR
JMA,JMAD IS,JULLUNDUR MOTOR AGENCY DELHI
JUPITER,JPO IS,JUPITER BIOSCIENCE LTD
JYOTISTRUC,JYS IS,JYOTI STRUCTURES LTD
KAWIRESIT,KAW IS,KA WIRES LTD
KABRAEXTRU,KE IS,KABRA EXTRUSIONS TECHNIK LTD
KAKATCEM,KCM IS,KAKATIYA CEMENT SUGAR & IND
KALPATPOWR,KPP IS,KALPATARU POWER TRANSMISSION
KICL,KALY IS,KALYANI INVESTMENT CO LTD
KAMATHOTEL,KHI IS,KAMAT HOTELS (INDIA)
KANORICHEM,KC IS,KANORIA CHEMICALS & INDS
KAPSTON,KAPSTON IS,KAPSTON FACILITIES MANAGEMEN
KTKBANK,KBL IS,KARNATAKA BANK LTD
KAUSHALYA,KIDC IS,KAUSHALYA INFRASTRUCTURE DEV
KSCL,KSCL IS,KAVERI SEED CO LTD
KCPSUGIND,KCPS IS,KCP SUGAR & INDUSTRIES CORP
KEERTI,KEERTI IS,KEERTI KNOWLEDGE & SKILLS LT
KERNEX,KMSI IS,KERNEX MICROSYSTEMS (I) LTD
KTIL,KTIL IS,KESAR TERMINALS & INFRASTRUC
KEYFINSERV,KEYFINSE IS,KEYNOTE FINANCIAL SERVICES L
KHAITANLTD,KIL IS,KHAITAN INDIA LTD
KHFM,KHFM IS,KHFM HOSPITALITY AND FACILIT
KINGFA,KINGFA IS,KINGFA SCIENCE & TECHNOLOGY
KECL,KECL IS,KIRLOSKAR ELECTRIC CO LTD
KITPLYIND,KIT IS,KITPLY INDUSTRIES LTD
KKVAPOW,KKVAPOW IS,KKV AGRO POWERS LTD
KMSUGAR,KMSM IS,KM SUGAR MILLS LTD
KOLTEPATIL,KPDL IS,KOLTE-PATIL DEVELOPERS LTD
KOTAKNIFTY,KONIFTY IS,KOTAK NIFTY 50
KOTARISUG,KTSG IS,KOTHARI SUGARS & CHEMICALS
KPRMILL,KPR IS,KPR MILL LTD
KREBSBIO,KBC IS,KREBS BIOCHEMICALS & INDUSTR
KRISHANA,KRISHANA IS,KRISHANA PHOSCHEM LTD
KRITIKA,KRITIKA IS,KRITIKA WIRES LTD
KSHITIJPOL,KSHITIJ IS,KSHITIJ POLYLINE LTD
LGBBROSLTD,LGBB IS,L.G. BALAKRISHNAN & BROS LTD
LAGNAM,LAGNAM IS,LAGNAM SPINTEX LTD
LAKSHMIEFL,LKEF IS,LAKSHMI ENERGY & FOODS LTD
LFIC,LKFIN IS,LAKSHMI FINANCE & INDUSTRIAL
LAKPRE,LKPS IS,LAKSHMI PRECISION SCREWS
LAMBODHARA,LTEX IS,LAMBODHARA TEXTILE LTD
LITL,LANCI IS,LANCO INFRATECH LTD
LPDC,LPROP IS,LANDMARK PROPERTY DEV CO LTD
LATTEYS,LATTEYS IS,LATTEYS INDUSTRIES LTD
LAXMICOT,LAXMI IS,LAXMI COTSPIN LTD
LCCINFOTEC,ARHF IS,LCC INFOTECH LTD
LEXUS,LEXUS IS,LEXUS GRANITO INDIA LTD
LIBAS,LIBAS IS,LIBAS DESIGNS LTD
LML,LML IS,LML LTD
LOTUSEYE,LOTEYE IS,LOTUS EYE HOSPITAL AND INSTI
MKPL,MKPL IS,M K PROTEINS LTD
MMFL,MMFG IS,M.M. FORGINGS LTD
MRO,MROL IS,M.R. ORGANISATION LTD
MACPOWER,MACPOWER IS,MACPOWER CNC MACHINES LTD
MCL,MACL IS,MADHAV COPPER LTD
MADHAV,MGR IS,MADHAV GRANITE & REALTY LTD
MBAPL,MBAP IS,MADHYA BHARAT AGRO PRODUCTS
MPTODAY,MPTODAY IS,MADHYA PRADESH TODAY MEDIA L
MAHAPEXLTD,MHAC IS,MAHA RASHTRA APEX CORP
MAHASTEEL,MSIN IS,MAHAMAYA STEEL INDUSTRIES
MTNL,MTNL IS,MAHANAGAR TELEPHONE NIGAM
MAHICKRA,MAHICKRA IS,MAHICKRA CHEMICALS LTD
M&MFIN,MMFS IS,MAHINDRA & MAHINDRA FIN SECS
MHRIL,MHRL IS,MAHINDRA HOLIDAYS & RESORTS
MAHLIFE,MLIFE IS,MAHINDRA LIFESPACE DEVELOPER
MANAKALUCO,MAALM IS,MANAKSIA ALUMINIUM CO LTD
MANAKCOAT,MACOM IS,MANAKSIA COATED METALS & IND
MANAV,MANAV IS,MANAV INFRA PROJECTS LTD
TMRVL,TMRVL IS,MANDHANA RETAIL VENTURES LTD
MANGALAM,MDOL IS,MANGALAM DRUGS AND ORGANICS
MANGCHEFER,MCF IS,MANGALORE CHEMICALS & FERT
MRPL,MRPL IS,MANGALORE REFINERY & PETRO
MARINE,MARINE IS,MARINE ELECTRICALS INDIA LTD
MARSHALL,MARSHALL IS,MARSHALL MACHINES LTD
MDL,MARDL IS,MARVEL DECOR LTD
MAXINDIA,MAXI IS,MAX INDIA LTD-NEW SPUN OFF
MAXVIL,MVIL IS,MAX VENTURES &INDUSTRIES LTD
MBECL,MCNA IS,MCNALLY BHARAT ENGINEERING
MELSTAR,MIT IS,MELSTAR INFORMATION TECH LTD
MEP,MIDL IS,MEP INFRASTRUCTURE DVLPRS LT
METKORE,MAIL IS,METKORE ALLOYS&INDUSTRIES LT
MMNL,MMNL IS,MIG MEDIA NEURONS LTD
MILTON,MILTON IS,MILTON INDUSTRIES LTD
MINDACORP,MDA IS,MINDA CORP LTD
MINDPOOL,MINDPOOL IS,MINDPOOL TECHNOLOGIES LTD
MITCON,MCES IS,MITCON CONSULTANCY & ENGINEE
MITTAL,MITTAL IS,MITTAL LIFE STYLE LTD
MMP,MMP IS,MMP INDUSTRIES LTD
MHHL,MOHHL IS,MOHINI HEALTH & HYGIENE LTD
MOKSH,MOKSH IS,MOKSH ORNAMENTS LTD
MOSERBAER,MBI IS,MOSER BAER INDIA LTD
MOTILALOFS,MOFS IS,MOTILAL OSWAL FINANCIAL SERV
M100,MOST100 IS,MOTILAL OSWAL MIDCAP 100
M50,MOSTM50 IS,MOTILAL OSWAL MOST SHARES 50
N100,MOSTNDX IS,MOTILAL OSWAL MOST-NASDA-100
MOTOGENFIN,MGF IS,MOTOR & GENERAL FINANCE LTD
MCX,MCX IS,MULTI COMMODITY EXCH INDIA
MURUDCERA,MCER IS,MURUDESHWAR CERAMICS LTD.
NRAIL,NRA IS,N.R. AGARWAL INDUSTRIES LTD
NAGAFERT,NAGARFER IS,NAGARJUNA FERTILIZERS & CHEM
NAGREEKCAP,NCIL IS,NAGREEKA CAPITAL & INFRASTRU
NAHARCAP,NCFS IS,NAHAR CAPITAL AND FIN SVCS
NAHARINDUS,OWF IS,NAHAR INDUSTRIAL ENTERPRISES
NAKODA,NTI IS,NAKODA LTD
NANDANI,NANDANI IS,NANDANI CREATION LTD
NH,NARH IS,NARAYANA HRUDAYALAYA LTD
NARMADA,NARMADA IS,NARMADA AGROBASE LTD
NATHBIOGEN,NBGL IS,NATH BIO-GENES INDIA LTD
NATIONALUM,NACL IS,NATIONAL ALUMINIUM CO LTD
NATNLSTEEL,NTSI IS,NATIONAL STEEL & AGRO INDUST
NAVINFLUOR,NFIL IS,NAVIN FLUORINE INTERNATIONAL
NAVKARCORP,NACO IS,NAVKAR CORP LTD
NBCC,NBCC IS,NBCC INDIA LTD
NBIFIN,NBI IS,NBI INDUSTRIAL FINANCE CO LT
NETWORK18,NETM IS,NETWORK 18 MEDIA & INVTS LTD
NIACL,NIACL IS,NEW INDIA ASSURANCE CO LTD/T
NEWGEN,NEWGEN IS,NEWGEN SOFTWARE TECHNOLOGIES
NICCO,NICC IS,NICCO CORP LTD
NILAINFRA,NLHI IS,NILA INFRASTRUCTURE LTD
NITINFIRE,NFPI IS,NITIN FIRE PROTECTION INDS
NITIRAJ,NITIRAJ IS,NITIRAJ ENGINEERS LTD
NIVINFRA,NITS IS,NIVYAH INFRASTRUCTURE & TELE
NOESISIND,NOEI IS,NOESIS INDUSTRIES LTD
NOIDATOLL,NTB IS,NOIDA TOLL BRIDGE CO LTD
NORBTEAEXP,NTX IS,NORBEN TEA & EXPORTS
NECCLTD,NECCLT IS,NORTH EASTERN CARRYING CORP
NRBBEARING,NRBBR IS,NRB BEARINGS LTD
NUTEK,NTKL IS,NU TEK INDIA LTD
ONGC,ONGC IS,OIL & NATURAL GAS CORP LTD
OMFURN,OMFURN IS,OMFURN INDIA LTD
OMKARCHEM,OSCL IS,OMKAR SPECIALITY CHEMICALS L
OPAL,OPAL IS,OPAL LUXURY TIME PRODUCTS LT
OPTOCIRCUI,OPTC IS,OPTO CIRCUITS INDIA LTD
OFSS,OFSS IS,ORACLE FINANCIAL SERVICES
GREENPOWER,OGPL IS,ORIENT GREEN POWER CO LTD
ORIENTPPR,OPI IS,ORIENT PAPER & INDUSTRIES
OCCL,OTCC IS,ORIENTAL CARBON & CHEMICALS
ORISSAMINE,OMDC IS,ORISSA MINERALS DEVELOPMENT
OSIAHYPER,OSIAHYPE IS,OSIA HYPER RETAIL LTD
PANACHE,PDIGI IS,PANACHE DIGILIFE LTD
PANORAMUNI,PRU IS,PANORAMIC UNIVERSAL LTD
PANSARI,PNDL IS,PANSARI DEVELOPERS LTD
PAR,PARDC IS,PAR DRUGS AND CHEMICALS LTD
PARACABLES,PRMC IS,PARAMOUNT COMMUNICATION LTD
PARASPETRO,PRPT IS,PARAS PETROFILS LTD
PDPL,PDI IS,PARENTERAL DRUGS INDIA LTD
PARIN,PARIN IS,PARIN FURNITURE LTD
PASHUPATI,PASHCL IS,PASHUPATI COTSPIN LTD
PATINTLOG,PTIL IS,PATEL INTERGRATED LOGISTICS
PBAINFRA,PBAI IS,PBA INFRASTRUCTURE LTD
PDSMFL,PMFL IS,PDS MULTINATIONAL FASHIONS L
PENPEBS,PEBS IS,PENNAR ENGINEERED BUILDING S
PENTAGOLD,PENTA IS,PENTA GOLD LTD
PERFECT,PERI IS,PERFECT INFRAENGINEERS LTD
PKTEA,PKTP IS,PERIA KARAMALAI TEA & PRODUC
PETRONENGG,PTEC IS,PETRON ENGINEERING CONST LTD
PHOENIXLTD,PHNX IS,PHOENIX MILLS LTD
PILANIINVS,PIICL IS,PILANI INVESTMENTS&INDUSTRIE
PINCON,PINS IS,PINCON SPIRIT LTD
POCHIRAJU,PJUI IS,POCHIRAJU INDUSTRIES LTD
PODDARHOUS,PODDAR IS,PODDAR HOUSING AND DEVELOPME
PONDYOXIDE,POCL IS,PONDY OXIDES & CHEMICAL LTD
PONNIERODE,PSER IS,PONNI SUGARS ERODE LTD
PIGL,PIGL IS,POWER & INSTRUMENTATION GUJA
PFC,POWF IS,POWER FINANCE CORPORATION
POWERGRID,PWGR IS,POWER GRID CORP OF INDIA LTD
POWERFUL,POWERFUL IS,POWERFUL TECHNOLOGIES LTD
PRAENG,PES IS,PRAJAY ENGINEERS SYNDICATE
PRATIBHA,PRIL IS,PRATIBHA INDUSTRIES LTD
PRESTIGE,PEPL IS,PRESTIGE ESTATES PROJECTS
PRITI,PRITII IS,PRITI INTERNATIONAL LTD
PNC,PRTN IS,PRITISH NANDY COMMUNICATIONS
PGHH,PG IS,PROCTER & GAMBLE HYGIENE
PROLIFE,PROLIFE IS,PROLIFE INDUSTRIES LTD
PULZ,PULZ IS,PULZ ELECTRONICS LTD
PUNJABCHEM,PCCP IS,PUNJAB CHEMICALS & CROP PROT
PUSHPREALM,PUSHP IS,PUSHPANJALI REALMS & INFRATE
PVP,PVPV IS,PVP VENTURES LTD
QGOLDHALF,QTGOLD IS,QUANTUM GOLD FUND
RSSOFTWARE,RSST IS,R.S. SOFTWARE (INDIA)
RAJOIL,RJOIL IS,RAJ OIL MILLS LTD
RAJMET,RAJMET IS,RAJNANDINI METAL LTD
RPPL,RAJPPL IS,RAJSHREE POLYPACK LTD
RAJSREESUG,RSSC IS,RAJSHREE SUGARS & CHEMICALS
RAMCOCEM,TRCL IS,RAMCO CEMENTS LTD/THE
RAMSARUP,RAMI IS,RAMSARUP INDUSTRIES LTD
RANEENGINE,RVL IS,RANE ENGINE VALVES LTD
RML,RML IS,RANE MADRAS LTD
RCF,RCF IS,RASHTRIYA CHEMICALS & FERT
RASOYPR,RPRO IS,RASOYA PROTEINS LTD
RTNINFRA,RATI IS,RATTANINDIA INFRASTRUCTURE L
REDINGTON,REDI IS,REDINGTON INDIA LTD
RELIABLE,RELIABLE IS,RELIABLE DATA SERVICES LTD
RIIL,RIIL IS,RELIANCE INDUS INFRASTRUCT
RNAVAL,RNAVAL IS,RELIANCE NAVAL AND ENGINEERI
RNAM,RNAM IS,RELIANCE NIPPON LIFE ASSET M
RMMIL,RMML IS,RESURGERE MINES & MINERALS
RKEC,RKEC IS,RKEC PROJECTS LTD
RMDRIP,RMDRIP IS,RM DRIP AND SPRINKLERS SYS L
ROHITFERRO,ROFT IS,ROHIT FERRO TECH LTD
RUBYMILLS,RUBY IS,RUBY MILLS LTD/THE
REPL,RENPL IS,RUDRABHISHEK ENTERPRISES LTD
SCHAND,SCHAND IS,S CHAND AND CO LTD
S&SPOWER,SSPS IS,S&S POWER SWITCHGEAR LTD
SKUMARSYNF,SKNL IS,S. KUMARS NATIONWIDE LTD
SABEVENTS,SABEG IS,SAB EVENTS & GOVERNANCE NOW
SADBHIN,SINP IS,SADBHAV INFRASTRUCTURE PROJE
SAKETH,SAKETH IS,SAKETH EXIM LTD
SAKTHIFIN,SKTF IS,SAKTHI FINANCE LTD
SALSTEEL,SALS IS,SAL STEEL LTD
SALASAR,SALASAR IS,SALASAR TECHNO ENGINEERING L
SANDESH,SDSH IS,SANDESH LTD
SANGHVIFOR,SFEL IS,SANGHVI FORGING & ENGINEERIN
SANGINITA,SANGIN IS,SANGINITA CHEMICALS LTD
SARVESHWAR,SARVESH IS,SARVESHWAR FOODS LTD
SBILIFE,SBILIFE IS,SBI LIFE INSURANCE CO LTD
SCHNEIDER,SCHN IS,SCHNEIDER ELECTRIC INFRASTRU
SEPOWER,SEPL IS,SE POWER LTD
SECURCRED,SECUR IS,SECUR CREDENTIALS LTD
SIS,SECIS IS,SECURITY AND INTELLIGENCE SE
SELMCL,SELM IS,SEL MANUFACTURING CO. LTD.
SELAN,SXT IS,SELAN EXPLORATION TECHNOLOGY
SERVALL,SLPL IS,SERVALAKSHMI PAPER LTD
SERVOTECH,SERVOTEC IS,SERVOTECH POWER SYSTEMS LTD
SESHAPAPER,SPB IS,SESHASAYEE PAPER & BOARDS
SEZAL,SZGL IS,SEZAL GLASS LTD
SHK,SHKL IS,SH KELKAR & CO LTD
SHAIVAL,SHRL IS,SHAIVAL REALITY LTD
SHANKARA,SHANKARA IS,SHANKARA BUILDING PRODUCTS L
SHANTI,SHANTI IS,SHANTI OVERSEAS INDIA LTD
SHARONBIO,SBML IS,SHARON BIO-MEDICINE LTD
SHILPI,SCTL IS,SHILPI CABLE TECHNOLOGIES LT
SCI,SCI IS,SHIPPING CORP OF INDIA LTD
SHRADHA,SHRADHA IS,SHRADHA INFRAPROJECTS LTD
SGFL,SGFO IS,SHREE GANESH FORGINGS LTD
SHREEPUSHK,PCFL IS,SHREE PUSHKAR CHEMICALS & FE
SRPL,SHRPL IS,SHREE RAM PROTEINS LTD
TIRUPATI,TIRUPATI IS,SHREE TIRUPATI BALAJEE FIBC
SVLL,SVLL IS,SHREE VASU LOGISTICS LTD
OSWALSEEDS,OSWALSEE IS,SHREEOSWAL SEEDS AND CHEMICA
SHRENIK,SHRENIK IS,SHRENIK LTD
SHREYAS,SRYS IS,SHREYAS SHIPPING & LOGISTICS
ASTERSILI,ASTER IS,SHRI ASTER SILICATES LTD
SHLAKSHMI,SLCL IS,SHRI LAKSHMI COTSYN LTD
SRIRAM,SRIRAM IS,SHRI RAM SWITCHGEARS LTD
SHRIRAMCIT,SCUF IS,SHRIRAM CITY UNION FINANCE
SRTRANSFIN,SHTF IS,SHRIRAM TRANSPORT FINANCE
SHUBHLAXMI,SHUBHLXM IS,SHUBHLAXMI JEWEL ART LTD
SIKKO,SIKKO IS,SIKKO INDUSTRIES LTD
SILGO,SILGO IS,SILGO RETAIL LTD
SILLYMONKS,SILLYMON IS,SILLY MONKS ENTERTAINMENT LT
SILVERTUC,SILVERTU IS,SILVER TOUCH TECHNOLOGIES LT
SIMBHALS,SIMS IS,SIMBHAOLI SUGARS LTD-NEW
SIMPLEX,SIMP IS,SIMPLEX PROJECTS LTD
SINTERCOM,SINTER IS,SINTERCOM INDIA LTD
SPTL,SINTEX IS,SINTEX PLASTICS TECHNOLOGY L
SIRCA,SIRCA IS,SIRCA PAINTS INDIA LTD
SKMEGGPROD,SKMEX IS,SKM EGG PRODUCTS EXPORT LTD
SKSTEXTILE,SKSTEX IS,SKS TEXTILES LTD
SMVD,SMVD IS,SMVD POLY PACK LTD
SOFTTECH,SOFTTECH IS,SOFTTECH ENGINEERS LTD
SOLARA,SOLARA IS,SOLARA ACTIVE PHARMA SCIENCE
SOLEX,SOLEX IS,SOLEX ENERGY LTD
SDBL,SDB IS,SOM DISTILLERIES & BREWERIES
SOMTEX,STI IS,SOMA TEXTILES & INDUSTRIES
SONAMCLOCK,SONAM IS,SONAM CLOCK LTD
SONISOYA,SONISOYA IS,SONI SOYA PRODUCTS LTD
SOUTHBANK,SIB IS,SOUTH INDIAN BANK LTD
SOUTHWEST,SOUTHWES IS,SOUTH WEST PINNACLE EXPLORAT
SPIC,SPET IS,SOUTHERN PETROCHEMICAL INDS
SPAL,SPAL IS,SP APPARELS LTD
SPCENET,SPCENET IS,SPACENET ENTERPRISES INDIA L
SPECTRUM,SPECTRUM IS,SPECTRUM ELECTRICAL INDUSTRI
SRHHYPOLTD,SRAY IS,SREE RAYALASEEMA HI-STRENGTH
SREINFRA,SREI IS,SREI INFRASTRUCTURE FINANCE
SABTN,SABTN IS,SRI ADHIKARI BROS TELE NTWRK
HAVISHA,HAVISHA IS,SRI HAVISHA HOSPITALITY & IN
SSINFRA,SSINFRA IS,SS INFRASTRUCTURE DVLPT CON
STAN,STAN IS,STANDARD CHARTER-INDIAN DR
STCINDIA,STC IS,STATE TRADING CORP OF INDIA
SAIL,SAIL IS,STEEL AUTHORITY OF INDIA
STEELCITY,SCSE IS,STEEL CITY SECURITIES LTD
STERLINBIO,SLT IS,STERLING BIOTECH LTD
SUDARSCHEM,SCHI IS,SUDARSHAN CHEMICAL INDS LTD
SUJANAUNI,SJU IS,SUJANA UNIVERSAL INDUSTRIES
SUMIT,SUMIT IS,SUMIT WOODS LTD
SPARC,SPADV IS,SUN PHARMA ADVANCED RESEARCH
SUNPHARMA,SUNP IS,SUN PHARMACEUTICAL INDUS
SUNDARMHLD,SFHL IS,SUNDARAM FINANCE HOLDINGS LT
SUNFLAG,SUNF IS,SUNFLAG IRON & STEEL CO LTD
SUPERSPIN,SSPM IS,SUPER SPINNING MILLS
SUPREMEENG,SUPREME IS,SUPREME ENGINEERING LTD
SIIL,SUIN IS,SUPREME INDIA IMPEX LTD
SUPREMEINF,SPII IS,SUPREME INFRASTRUCTURE INDIA
SUPREMETEX,SUTM IS,SUPREME TEX MART LTD
SURANACORP,SURC IS,SURANA CORP LTD
SURANAIND,SURI IS,SURANA INDUSTRIES LTD
SURANAT&P,SRTL IS,SURANA TELECOM & POWER LTD
SURANI,SURANI IS,SURANI STEEL TUBES LTD
SUREVIN,SUREVIN IS,SUREVIN BPO SERVICES LTD
SURYALAXMI,SLCM IS,SURYALAKSHMI COTTON MILLS
SUTLEJTEX,SUTJ IS,SUTLEJ TEXTILES AND INDUSTRI
SUULD,SUULD IS,SUUMAYA LIFESTYLE LTD
TAINWALCHM,TCP IS,TAINWALA CHEMICALS & PLAST
TALBROAUTO,TALB IS,TALBROS AUTOMOTIVE COMPON
TALWALKARS,TALW IS,TALWALKARS BETTER VALUE FIT
TNPL,TNNP IS,TAMIL NADU NEWSPRINT & PAPER
TNTELE,TNT IS,TAMILNADU TELECOMMUN LTD
TANTIACONS,TANC IS,TANTIA CONSTRUCTION LTD
TARACHAND,TARACHAN IS,TARA CHAND LOGISTIC SOLUTION
TCS,TCS IS,TATA CONSULTANCY SVCS LTD
TATAINVEST,TICL IS,TATA INVESTMENT CORP LTD
TATAPOWER,TPWR IS,TATA POWER CO LTD
TTML,TTLS IS,TATA TELESERVICES MAHARASHTR
TCNSBRANDS,TCNSBR IS,TCNS CLOTHING CO LTD
TECHNOE,TECHNOE IS,TECHNO ELECTRIC & ENGINEERIN
TIIL,TIIL IS,TECHNOCRAFT INDUSTRIES INDIA
TECILCHEM,TECI IS,TECIL CHEMICALS & HYDRO POWE
TEXINFRA,TXM IS,TEXMACO INFRASTRUCTURE & HOL
TEXRAIL,TXMRE IS,TEXMACO RAIL & ENGINEERING L
THANGAMAYL,TJL IS,THANGA MAYIL JEWELLERY LTD
THEJO,THEL IS,THEJO ENGINEERING LTD
THOMASCOOK,TC IS,THOMAS COOK (INDIA) LTD
THOMASCOTT,THOM IS,THOMAS SCOTT INDIA LTD
TIDEWATER,TWO IS,TIDE WATER OIL CO INDIA LTD
TINPLATE,TPC IS,TINPLATE CO OF INDIA LTD
TIRUPATIFL,TIRUPIFL IS,TIRUPATI FORGE LTD
TITAN,TTAN IS,TITAN CO LTD
TODAYS,TWPL IS,TODAY'S WRITING INSTRUMENTS
TOKYOPLAST,TPIT IS,TOKYO PLAST INTERNATIONAL
TOTAL,TOTAL IS,TOTAL TRANSPORT SYSTEMS LTD
TOUCHWOOD,TOUCHWD IS,TOUCHWOOD ENTERTAINMENT LTD
TFCILTD,TFCI IS,TOURISM FINANCE CORP INDIA
TRIL,TRIL IS,TRANSFORMERS & RECTIFIERS IN
TCI,TRPC IS,TRANSPORT CORP OF INDIA LTD
TRANSWIND,TRWND IS,TRANSWIND INFRASTRUCTURES LT
TREADS,TREAD IS,TREADSDIRECT LTD
TREEHOUSE,THEAL IS,TREE HOUSE EDUCATION AND ACC
TBZ,TBZL IS,TRIBHOVANDAS BHIMJI ZAVERI L
TRIVENI,TRE IS,TRIVENI ENGINEERING & INDUS
TTL,TTXK IS,TT LTD
TIINDIA,TIINDIA IS,TUBE INVESTMENTS OF INDIA LT
TULSI,TULS IS,TULSI EXTRUSIONS LTD
TVSMOTOR,TVSL IS,TVS MOTOR CO LTD
21STCENMGM,TWCMS IS,TWENTYFIRST CENTURY MANAGEMT
UGARSUGAR,UGSW IS,UGAR SUGAR WORKS LTD
UJJIVAN,UJJIVAN IS,UJJIVAN FINANCIAL SERVICES L
UWCSL,UWCSL IS,ULTRA WIRING CONNECTIVITY SY
UNIIFO,UNIINFO IS,UNIINFO TELECOM SERVICES LTD
UNITEDTEA,UNTEA IS,UNITED NILGIRI TEA ESTATES
UNITEDPOLY,UPGL IS,UNITED POLYFAB GUJARAT LTD
UNIVASTU,UNIVASTU IS,UNIVASTU INDIA LTD
URAVI,URAVI IS,URAVI T AND WEDGE LAMPS LTD
UCL,USHCL IS,USHANTI COLOUR CHEM LTD
USHERAGRO,UAL IS,USHER AGRO LTD
GOLDSHARE,UTIGOL IS,UTI GOLD EXCHANGE TRADED FND
VIPIND,VIP IS,V.I.P. INDUSTRIES LTD
VSCL,VSCHL IS,VADIVARHE SPECIALITY CHEMICA
VAISHALI,VAISHALI IS,VAISHALI PHARMA LTD
VALECHAENG,VLCE IS,VALECHA ENGINEERING LTD
VALUEIND,VALI IS,VALUE INDUSTRIES LIMIITED
VASA,VASA IS,VASA RETAIL & OVERSEAS LTD
VERA,VERASL IS,VERA SYNTHETIC LTD
VERTOZ,VERTOZ IS,VERTOZ ADVERTISING LTD
VETO,VSCL IS,VETO SWITCHGEARS AND CABLES
VIDHIING,VSFI IS,VIDHI SPECIALTY FOOD INGREDI
VIJSHAN,VSB IS,VIJAY SHANTHI BUILDERS LTD
VINNY,VINNY IS,VINNY OVERSEAS LTD
VISUINTL,VIL IS,VISU INTERNATIONAL LTD
VMART,VMART IS,VMART RETAIL LTD
VSTTILLERS,VSTT IS,VST TILLERS TRACTORS LTD
WSI,WSI IS,W S INDUSTRIES INDIA LTD
WALCHANNAG,WI IS,WALCHANDNAGAR INDUSTRIES
WEALTH,WEALTH IS,WEALTH FIRST PORTFOLIO MANAG
WELENT,WEL IS,WELSPUN ENTERPRISES LTD/NEW
WELINV,WICL IS,WELSPUN INVESTMENT & COMMERC
WENDT,WNDT IS,WENDT INDIA LTD
WIPL,WIPL IS,WESTERN INDIA PLYWOODS LTD
WILLAMAGOR,WMC IS,WILLIAMSON MAGOR & CO LTD
WORTH,WORTH IS,WORTH PERIPHERALS LTD
XELPMOC,XELP IS,XELPMOC DESIGN & TECH LTD
ZEEL,Z IS,ZEE ENTERTAINMENT ENTERPRISE
ZENITHBIR,ZB IS,ZENITH BIRLA INDIA LTD
ZICOM,ZSS IS,ZICOM ELECTRONIC SECURITY
ZODIACLOTH,ZDC IS,ZODIAC CLOTHING COMPANY
ZODIAC,ZODIAC IS,ZODIAC ENERGY LTD
ZODJRDMKJ,ZJM IS,ZODIAC-JRD-MKJ LTD
ZOTA,ZOTA IS,ZOTA HEALTH CARE LTD
ZYLOG,ZSL IS,ZYLOG SYSTEMS LTD
